"level","jsic","name","group","group_en","employees_2021","note"
"major","01","農業","農林水産","Agriculture, forestry and fisheries",235102,""
"major","02","林業","農林水産","Agriculture, forestry and fisheries",36512,""
"major","03","漁業（水産養殖業を除く）","農林水産","Agriculture, forestry and fisheries",18632,""
"major","04","水産養殖業","農林水産","Agriculture, forestry and fisheries",11157,""
"major","05","鉱業，採石業，砂利採取業","鉱業","Mining",16516,""
"major","06","総合工事業","建設業","Construction",1441767,""
"major","07","職別工事業（設備工事業を除く）","建設業","Construction",591098,""
"major","08","設備工事業","建設業","Construction",853905,""
"major","09","食料品製造業","製造業","Manufacturing",1184863,""
"major","10","飲料・たばこ・飼料製造業","製造業","Manufacturing",116040,""
"major","11","繊維工業","製造業","Manufacturing",267092,""
"major","12","木材・木製品製造業（家具を除く）","製造業","Manufacturing",94111,""
"major","13","家具・装備品製造業","製造業","Manufacturing",97148,""
"major","14","パルプ・紙・紙加工品製造業","製造業","Manufacturing",195172,""
"major","15","印刷・同関連業","製造業","Manufacturing",282743,""
"major","16","化学工業","製造業","Manufacturing",437624,""
"major","17","石油製品・石炭製品製造業","製造業","Manufacturing",30584,""
"major","18","プラスチック製品製造業（別掲を除く）","製造業","Manufacturing",456954,""
"major","19","ゴム製品製造業","製造業","Manufacturing",123651,""
"major","20","なめし革・同製品・毛皮製造業","製造業","Manufacturing",22907,""
"major","21","窯業・土石製品製造業","製造業","Manufacturing",245627,""
"major","22","鉄鋼業","製造業","Manufacturing",232944,""
"major","23","非鉄金属製造業","製造業","Manufacturing",145633,""
"major","24","金属製品製造業","製造業","Manufacturing",618330,""
"major","25","はん用機械器具製造業","製造業","Manufacturing",335011,""
"major","26","生産用機械器具製造業","製造業","Manufacturing",627465,""
"major","27","業務用機械器具製造業","製造業","Manufacturing",233143,""
"major","28","電子部品・デバイス・電子回路製造業","製造業","Manufacturing",415917,""
"major","29","電気機械器具製造業","製造業","Manufacturing",504033,""
"major","30","情報通信機械器具製造業","製造業","Manufacturing",146393,""
"major","31","輸送用機械器具製造業","製造業","Manufacturing",1067114,""
"major","32","その他の製造業","製造業","Manufacturing",190138,""
"major","33","電気業","製造業","Manufacturing",130487,"労災統計では製造業（電気・ガス・水道業）"
"major","34","ガス業","製造業","Manufacturing",31476,"労災統計では製造業（電気・ガス・水道業）"
"major","35","熱供給業","製造業","Manufacturing",2079,"労災統計では製造業（電気・ガス・水道業）"
"major","36","水道業","製造業","Manufacturing",28704,"労災統計では製造業（電気・ガス・水道業）"
"major","37","通信業","その他","Other services",152434,""
"major","38","放送業","その他","Other services",59408,""
"major","39","情報サービス業","その他","Other services",1254052,"ソフトウェア業は教育・研究業、情報処理はその他の事業、情報提供の一部は商業。商業の部分は分けられない"
"major","40","インターネット附随サービス業","その他","Other services",187819,""
"major","41","映像・音声・文字情報制作業","その他","Other services",216372,"411 映画製作は映画・演劇業。413・414 は小分類で商業へ移す（印刷部門は製造業だが分けられない）"
"minor","413","新聞業","商業","Commerce",43109,"労災統計では商業（その他の商業）。印刷部門は製造業"
"minor","414","出版業","商業","Commerce",51894,"労災統計では商業（その他の商業）。印刷部門は製造業"
"major","42","鉄道業","運輸・貨物","Transport and cargo handling",217437,""
"major","43","道路旅客運送業","運輸・貨物","Transport and cargo handling",437730,""
"major","44","道路貨物運送業","運輸・貨物","Transport and cargo handling",1665266,""
"major","45","水運業","運輸・貨物","Transport and cargo handling",40672,""
"major","46","航空運輸業","運輸・貨物","Transport and cargo handling",49093,""
"major","47","倉庫業","商業","Commerce",211605,"労災統計では商業（その他の商業 > 倉庫業）"
"major","48","運輸に附帯するサービス業","運輸・貨物","Transport and cargo handling",361742,"484 こん包業は製造業、489 は表に個別の記載がなくその他の事業。小分類で移す"
"minor","484","こん包業","製造業","Manufacturing",61269,"労災統計では製造業（その他の製造業）"
"minor","489","その他の運輸に附帯するサービス業","その他","Other services",130349,"表に運輸・貨物の記載がなく、その他の事業。表の注で個別判断が必要とされる"
"major","49","郵便業（信書便事業を含む）","その他","Other services",101927,"労災統計では通信業"
"major","50","各種商品卸売業","商業","Commerce",38432,""
"major","51","繊維・衣服等卸売業","商業","Commerce",177690,""
"major","52","飲食料品卸売業","商業","Commerce",642663,""
"major","53","建築材料，鉱物・金属材料等卸売業","商業","Commerce",654175,""
"major","54","機械器具卸売業","商業","Commerce",1154432,""
"major","55","その他の卸売業","商業","Commerce",781742,"5598 仲立業は金融・広告業だが分けられない"
"major","56","各種商品小売業","商業","Commerce",286465,""
"major","57","織物・衣服・身の回り品小売業","商業","Commerce",513030,""
"major","58","飲食料品小売業","商業","Commerce",2868539,""
"major","59","機械器具小売業","商業","Commerce",739349,""
"major","60","その他の小売業","商業","Commerce",1967649,""
"major","61","無店舗小売業","商業","Commerce",345065,""
"major","62","銀行業","その他","Other services",392814,""
"major","63","協同組織金融業","その他","Other services",168851,""
"major","64","貸金業，クレジットカード業等非預金信用機関","その他","Other services",97664,""
"major","65","金融商品取引業，商品先物取引業","その他","Other services",96868,""
"major","66","補助的金融業等","その他","Other services",32637,""
"major","67","保険業（保険媒介代理業，保険サービス業を含む）","その他","Other services",640585,""
"major","68","不動産取引業","その他","Other services",264892,"681 建物売買業は商業、682 不動産仲介は金融・広告業（代理商は商業だが分けられない）"
"minor","681","建物売買業，土地売買業","商業","Commerce",103912,"労災統計では商業（その他の商業）"
"major","69","不動産賃貸業・管理業","商業","Commerce",541336,"労災統計では商業（その他の商業）"
"major","70","物品賃貸業","商業","Commerce",251661,"労災統計では商業（その他の商業）"
"major","71","学術・開発研究機関","その他","Other services",272959,""
"major","72","専門サービス業（他に分類されないもの）","その他","Other services",629205,"表に個別の記載がなく、その他の事業"
"major","73","広告業","その他","Other services",127426,"労災統計では金融・広告業（広告・あっせん業）"
"major","74","技術サービス業（他に分類されないもの）","その他","Other services",741124,""
"major","75","宿泊業","接客娯楽","Hospitality and amusement",542224,""
"major","76","飲食店","接客娯楽","Hospitality and amusement",2805251,""
"major","77","持ち帰り・配達飲食サービス業","商業","Commerce",529991,"労災統計では商業（小売業）"
"major","78","洗濯・理容・美容・浴場業","商業","Commerce",648534,"理容・美容は商業。781 洗濯業、784・785 浴場は小分類で移す。789 は人数の多いエステ・ネイル（商業）に合わせる"
"minor","781","洗濯業","製造業","Manufacturing",217756,"労災統計では製造業（クリーニング業）。7812 洗濯物取次業（2016年で16%）は金融・広告業"
"minor","784","一般公衆浴場業","保健衛生","Health care and hygiene",8708,"労災統計では保健衛生業（浴場業）"
"minor","785","その他の公衆浴場業","保健衛生","Health care and hygiene",45057,"労災統計では保健衛生業（浴場業）。個室付浴場業は接客娯楽業"
"major","79","その他の生活関連サービス業","その他","Other services",319633,"旅行業は金融・広告業。793・794・795・796 は小分類で移す"
"minor","793","衣服裁縫修理業","製造業","Manufacturing",11588,"労災統計では製造業（その他の製造業）"
"minor","794","物品預り業","商業","Commerce",12410,"労災統計では商業（その他の商業）"
"minor","795","火葬・墓地管理業","商業","Commerce",6208,"7952 墓地管理業（2016年で54%）は商業、7951 火葬業は清掃・と畜業"
"minor","796","冠婚葬祭業","商業","Commerce",118579,"7961 葬儀業（2016年で55%）は商業、7962 結婚式場業（35%）は接客娯楽業、互助会はその他の事業"
"major","80","娯楽業","接客娯楽","Hospitality and amusement",701005,"801 映画館・802 興行場は小分類で移す。8048 フィットネスクラブ（2016年で 804 の29%）は教育・研究業だが分けられない"
"minor","801","映画館","その他","Other services",18163,"労災統計では映画・演劇業（映画館）"
"minor","802","興行場（別掲を除く），興行団","その他","Other services",31891,"労災統計では映画・演劇業"
"major","81","学校教育","その他","Other services",1071544,""
"major","82","その他の教育，学習支援業","その他","Other services",656637,""
"major","83","医療業","保健衛生","Health care and hygiene",3543115,"8361 歯科技工所（2016年で 836 の27%）は製造業だが分けられない"
"major","84","保健衛生","保健衛生","Health care and hygiene",73801,""
"major","85","社会保険・社会福祉・介護事業","保健衛生","Health care and hygiene",3877518,"851 社会保険事業団体は保健衛生業に含まれない。小分類で移す"
"minor","851","社会保険事業団体","その他","Other services",54080,"社会保険事務所は官公署、それ以外は表に記載がなくその他の事業"
"major","86","郵便局","その他","Other services",277748,"労災統計では通信業（郵便局）"
"major","87","協同組合（他に分類されないもの）","その他","Other services",139388,"表に個別の記載がなく、その他の事業"
"major","88","廃棄物処理業","その他","Other services",257211,""
"major","89","自動車整備業","製造業","Manufacturing",152795,"労災統計では製造業（自動車整備業）"
"major","90","機械等修理業（別掲を除く）","製造業","Manufacturing",196226,"労災統計では製造業（機械修理業）"
"major","91","職業紹介・労働者派遣業","その他","Other services",1186791,"派遣労働者の災害は派遣先の業種で計上されるため、この群の分母は過大"
"major","92","その他の事業サービス業","その他","Other services",2446598,"921 は製造業（印刷）なので小分類で移す。922 清掃・9292 産業設備洗浄は清掃・と畜業"
"minor","921","速記・ワープロ入力・複写業","製造業","Manufacturing",8464,"労災統計では製造業（印刷・製本業）"
"major","93","政治・経済・文化団体","その他","Other services",240129,""
"major","94","宗教","その他","Other services",158527,""
"major","95","その他のサービス業","その他","Other services",37971,""
