"year","size","deaths","reported_injuries","deaths_published","reported_injuries_published","regular_employee_years"
2009,"1-9",376,28108,376,28108,10193790
2010,"1-9",435,28126,435,28126,9957883
2011,"1-9",400,28292,400,28292,9727435
2012,"1-9",411,28273,411,28273,9502321
2013,"1-9",376,27283,376,27283,9724009
2014,"1-9",364,27193,364,27193,9950869
2015,"1-9",373,25657,373,25657,9774205
2016,"1-9",331,25090,331,25090,9600677
2017,"1-9",380,25143,380,25143,9491067
2018,"1-9",320,25741,320,25741,9382708
2019,"1-9",281,25001,281,25001,9275586
2020,"1-9",312,24214,313,24447,9169687
2021,"1-9",293,24281,306,25825,9064997
2022,"1-9",308,24154,308,24154,9019985
2023,"1-9",284,23555,284,23555,8975197
2024,"1-9",269,22760,269,22760,8930631
2025,"1-9",253,21746,253,21746,8930631
2009,"10-29",326,29766,326,29766,11559543
2010,"10-29",364,30490,364,30490,11441186
2011,"10-29",299,30735,299,30735,11324041
2012,"10-29",331,31434,331,31434,11208096
2013,"10-29",289,31213,289,31213,11576649
2014,"10-29",351,31619,351,31619,11957321
2015,"10-29",312,30590,312,30590,12144121
2016,"10-29",281,30923,281,30923,12333839
2017,"10-29",304,31543,304,31543,12363154
2018,"10-29",296,32852,296,32852,12392539
2019,"10-29",260,32456,260,32456,12421994
2020,"10-29",231,32794,237,33675,12451518
2021,"10-29",241,34368,261,37960,12481113
2022,"10-29",210,34629,210,34629,12498112
2023,"10-29",200,35794,200,35794,12515134
2024,"10-29",232,35927,232,35927,12532180
2025,"10-29",214,35282,214,35282,12532180
2009,"30-49",165,15770,165,15770,5278532
2010,"30-49",147,16081,147,16081,5164219
2011,"30-49",139,16343,139,16343,5052382
2012,"30-49",137,16759,137,16759,4942967
2013,"30-49",160,16699,160,16699,5151886
2014,"30-49",133,17053,133,17053,5369636
2015,"30-49",114,16899,114,16899,5469016
2016,"30-49",148,17204,148,17204,5570235
2017,"30-49",115,17856,115,17856,5606186
2018,"30-49",106,19076,106,19076,5642369
2019,"30-49",105,19086,105,19086,5678786
2020,"30-49",101,19239,103,19726,5715438
2021,"30-49",94,19891,111,22093,5752326
2022,"30-49",110,20107,110,20107,5843261
2023,"30-49",116,20833,116,20833,5935633
2024,"30-49",100,21093,100,21093,6029466
2025,"30-49",103,20878,103,20878,6029466
2009,"50-99",100,15190,100,15190,6186846
2010,"50-99",105,15780,105,15780,6084916
2011,"50-99",84,16118,84,16118,5984665
2012,"50-99",88,16285,88,16285,5886066
2013,"50-99",85,16255,85,16255,6067545
2014,"50-99",102,16227,102,16227,6254619
2015,"50-99",72,16227,72,16227,6321410
2016,"50-99",75,16635,75,16635,6388914
2017,"50-99",83,17044,83,17044,6456355
2018,"50-99",80,18444,80,18444,6524509
2019,"50-99",105,18652,105,18652,6593382
2020,"50-99",60,18795,62,19554,6662981
2021,"50-99",67,19778,79,22495,6733316
2022,"50-99",58,20338,58,20338,6733051
2023,"50-99",68,20864,68,20864,6732786
2024,"50-99",57,21209,57,21209,6732521
2025,"50-99",51,21603,51,21603,6732521
2009,"100-299",80,16528,80,16528,7186197
2010,"100-299",98,17196,98,17196,7126088
2011,"100-299",73,17191,73,17191,7066482
2012,"100-299",80,17385,80,17385,7007374
2013,"100-299",80,17633,80,17633,7100320
2014,"100-299",80,17903,80,17903,7194498
2015,"100-299",67,17810,67,17810,7282059
2016,"100-299",65,18337,65,18337,7370686
2017,"100-299",62,18636,62,18636,7482435
2018,"100-299",73,20223,73,20223,7595878
2019,"100-299",66,19852,66,19852,7711041
2020,"100-299",55,19823,60,21041,7827950
2021,"100-299",55,21559,78,26046,7946632
2022,"100-299",62,21696,62,21696,7933977
2023,"100-299",64,22615,64,22615,7921343
2024,"100-299",51,22857,51,22857,7908728
2025,"100-299",45,23558,45,23558,7908728
2009,"300+",28,8696,28,8696,7438131
2010,"300+",45,8962,45,8962,7476965
2011,"300+",29,9186,29,9186,7516002
2012,"300+",46,9332,46,9332,7555242
2013,"300+",39,8996,39,8996,7753830
2014,"300+",27,9451,27,9451,7957637
2015,"300+",34,9063,34,9063,7918744
2016,"300+",28,9634,28,9634,7880041
2017,"300+",34,10136,34,10136,8046286
2018,"300+",32,10892,32,10892,8216039
2019,"300+",27,10464,27,10464,8389373
2020,"300+",25,10138,27,12601,8566363
2021,"300+",28,10570,32,15358,8747088
2022,"300+",26,11303,26,11303,8792733
2023,"300+",21,11553,21,11553,8838616
2024,"300+",36,11741,36,11741,8884739
2025,"300+",34,11994,34,11994,8884739
