"year","industry","size","deaths","reported_injuries","deaths_published","reported_injuries_published","regular_employee_years"
2009,"その他","1-9",26,2373,26,2373,1691522
2010,"その他","1-9",36,2404,36,2404,1638971
2011,"その他","1-9",26,2409,26,2409,1588052
2012,"その他","1-9",43,2491,43,2491,1538715
2013,"その他","1-9",43,2379,43,2379,1586693
2014,"その他","1-9",35,2288,35,2288,1636166
2015,"その他","1-9",42,2336,42,2336,1619761
2016,"その他","1-9",27,2229,27,2229,1603521
2017,"その他","1-9",29,2283,29,2283,1608814
2018,"その他","1-9",21,2367,21,2367,1614124
2019,"その他","1-9",26,2450,26,2450,1619451
2020,"その他","1-9",25,2348,25,2368,1624796
2021,"その他","1-9",18,2302,19,2471,1630159
2022,"その他","1-9",23,2375,23,2375,1665056
2023,"その他","1-9",22,2302,22,2302,1700700
2024,"その他","1-9",17,2322,17,2322,1737107
2025,"その他","1-9",21,2109,21,2109,1737107
2009,"その他","10-29",46,3205,46,3205,1987106
2010,"その他","10-29",58,3383,58,3383,1948908
2011,"その他","10-29",45,3325,45,3325,1911445
2012,"その他","10-29",32,3211,32,3211,1874702
2013,"その他","10-29",35,3273,35,3273,1924566
2014,"その他","10-29",30,3249,30,3249,1975757
2015,"その他","10-29",34,3159,34,3159,1990309
2016,"その他","10-29",38,3272,38,3272,2004968
2017,"その他","10-29",36,3411,36,3411,2021906
2018,"その他","10-29",40,3509,40,3509,2038987
2019,"その他","10-29",32,3659,32,3659,2056212
2020,"その他","10-29",39,3555,42,3691,2073583
2021,"その他","10-29",22,3773,24,4124,2091100
2022,"その他","10-29",26,3763,26,3763,2119432
2023,"その他","10-29",28,4071,28,4071,2148148
2024,"その他","10-29",33,4106,33,4106,2177253
2025,"その他","10-29",21,3783,21,3783,2177253
2009,"その他","30-49",25,2029,25,2029,1038656
2010,"その他","30-49",18,2067,18,2067,1015368
2011,"その他","30-49",22,2069,22,2069,992602
2012,"その他","30-49",20,2146,20,2146,970347
2013,"その他","30-49",32,2091,32,2091,992646
2014,"その他","30-49",19,2002,19,2002,1015457
2015,"その他","30-49",15,2109,15,2109,1052167
2016,"その他","30-49",27,2134,27,2134,1090205
2017,"その他","30-49",12,2239,12,2239,1115381
2018,"その他","30-49",23,2412,23,2412,1141137
2019,"その他","30-49",20,2501,20,2501,1167489
2020,"その他","30-49",19,2563,19,2625,1194449
2021,"その他","30-49",11,2481,14,2721,1222032
2022,"その他","30-49",19,2570,19,2570,1241926
2023,"その他","30-49",22,2766,22,2766,1262144
2024,"その他","30-49",20,2748,20,2748,1282691
2025,"その他","30-49",18,2596,18,2596,1282691
2009,"その他","50-99",17,2313,17,2313,1296243
2010,"その他","50-99",17,2185,17,2185,1273913
2011,"その他","50-99",18,2306,18,2306,1251967
2012,"その他","50-99",15,2368,15,2368,1230399
2013,"その他","50-99",13,2161,13,2161,1262384
2014,"その他","50-99",14,2142,14,2142,1295201
2015,"その他","50-99",16,2108,16,2108,1332692
2016,"その他","50-99",14,2329,14,2329,1371269
2017,"その他","50-99",17,2321,17,2321,1398784
2018,"その他","50-99",18,2359,18,2359,1426852
2019,"その他","50-99",45,2576,45,2576,1455482
2020,"その他","50-99",17,2656,17,2744,1484687
2021,"その他","50-99",16,2790,21,3116,1514478
2022,"その他","50-99",7,2822,7,2822,1537603
2023,"その他","50-99",18,3086,18,3086,1561082
2024,"その他","50-99",13,3128,13,3128,1584919
2025,"その他","50-99",10,3089,10,3089,1584919
2009,"その他","100-299",16,3379,16,3379,1847983
2010,"その他","100-299",20,3361,20,3361,1828533
2011,"その他","100-299",12,3295,12,3295,1809288
2012,"その他","100-299",23,3415,23,3415,1790246
2013,"その他","100-299",14,3547,14,3547,1851392
2014,"その他","100-299",16,3420,16,3420,1914626
2015,"その他","100-299",12,3314,12,3314,1967420
2016,"その他","100-299",12,3413,12,3413,2021669
2017,"その他","100-299",16,3420,16,3420,2080091
2018,"その他","100-299",18,3848,18,3848,2140202
2019,"その他","100-299",13,3461,13,3461,2202050
2020,"その他","100-299",17,3599,18,3710,2265685
2021,"その他","100-299",16,3997,22,4427,2331159
2022,"その他","100-299",19,3972,19,3972,2369196
2023,"その他","100-299",8,4100,8,4100,2407854
2024,"その他","100-299",20,4287,20,4287,2447143
2025,"その他","100-299",16,4320,16,4320,2447143
2009,"その他","300+",2,3060,2,3060,2361883
2010,"その他","300+",14,3135,14,3135,2382594
2011,"その他","300+",6,3095,6,3095,2403487
2012,"その他","300+",13,2990,13,2990,2424563
2013,"その他","300+",13,2943,13,2943,2546211
2014,"その他","300+",10,3135,10,3135,2673962
2015,"その他","300+",15,2906,15,2906,2725543
2016,"その他","300+",11,3121,11,3121,2778119
2017,"その他","300+",16,3229,16,3229,2878669
2018,"その他","300+",10,3395,10,3395,2982859
2019,"その他","300+",6,3123,6,3123,3090820
2020,"その他","300+",4,2938,6,3012,3202688
2021,"その他","300+",10,2921,12,3145,3318605
2022,"その他","300+",8,3040,8,3040,3402130
2023,"その他","300+",8,2975,8,2975,3487756
2024,"その他","300+",11,3148,11,3148,3575538
2025,"その他","300+",12,3052,12,3052,3575538
2009,"保健衛生","1-9",2,610,2,610,840905
2010,"保健衛生","1-9",1,653,1,653,850124
2011,"保健衛生","1-9",4,672,4,672,859445
2012,"保健衛生","1-9",1,736,1,736,868867
2013,"保健衛生","1-9",0,717,0,717,940755
2014,"保健衛生","1-9",3,826,3,826,1018590
2015,"保健衛生","1-9",1,865,1,865,1030200
2016,"保健衛生","1-9",3,907,3,907,1041942
2017,"保健衛生","1-9",0,1025,0,1025,1051565
2018,"保健衛生","1-9",3,1051,3,1051,1061277
2019,"保健衛生","1-9",2,1115,2,1115,1071079
2020,"保健衛生","1-9",0,1285,0,1381,1080971
2021,"保健衛生","1-9",0,1349,3,1926,1090955
2022,"保健衛生","1-9",2,1415,2,1415,1104037
2023,"保健衛生","1-9",1,1455,1,1455,1117276
2024,"保健衛生","1-9",3,1480,3,1480,1130673
2025,"保健衛生","1-9",4,1505,4,1505,1130673
2009,"保健衛生","10-29",2,1476,2,1476,1041957
2010,"保健衛生","10-29",2,1621,2,1621,1084382
2011,"保健衛生","10-29",4,1711,4,1711,1128533
2012,"保健衛生","10-29",2,1847,2,1847,1174483
2013,"保健衛生","10-29",4,2096,4,2096,1313968
2014,"保健衛生","10-29",4,2156,4,2156,1470018
2015,"保健衛生","10-29",1,2356,1,2356,1528388
2016,"保健衛生","10-29",4,2595,4,2595,1589076
2017,"保健衛生","10-29",5,2807,5,2807,1642248
2018,"保健衛生","10-29",5,3028,5,3028,1697199
2019,"保健衛生","10-29",0,3216,0,3216,1753989
2020,"保健衛生","10-29",3,3801,4,4340,1812679
2021,"保健衛生","10-29",8,4243,18,6254,1873333
2022,"保健衛生","10-29",2,4360,2,4360,1911396
2023,"保健衛生","10-29",6,4996,6,4996,1950233
2024,"保健衛生","10-29",4,4975,4,4975,1989859
2025,"保健衛生","10-29",5,5201,5,5201,1989859
2009,"保健衛生","30-49",1,1102,1,1102,519599
2010,"保健衛生","30-49",2,1211,2,1211,541202
2011,"保健衛生","30-49",3,1350,3,1350,563704
2012,"保健衛生","30-49",3,1446,3,1446,587141
2013,"保健衛生","30-49",3,1503,3,1503,662426
2014,"保健衛生","30-49",2,1655,2,1655,747365
2015,"保健衛生","30-49",0,1616,0,1616,766938
2016,"保健衛生","30-49",2,1819,2,1819,787024
2017,"保健衛生","30-49",0,1957,0,1957,809722
2018,"保健衛生","30-49",4,2216,4,2216,833074
2019,"保健衛生","30-49",4,2178,4,2178,857100
2020,"保健衛生","30-49",1,2631,1,2958,881819
2021,"保健衛生","30-49",2,2962,8,4298,907251
2022,"保健衛生","30-49",2,2912,2,2912,907057
2023,"保健衛生","30-49",1,3201,1,3201,906862
2024,"保健衛生","30-49",1,3192,1,3192,906668
2025,"保健衛生","30-49",2,3295,2,3295,906668
2009,"保健衛生","50-99",5,1646,5,1646,801130
2010,"保健衛生","50-99",1,1803,1,1803,816404
2011,"保健衛生","50-99",1,1808,1,1808,831969
2012,"保健衛生","50-99",2,2039,2,2039,847831
2013,"保健衛生","50-99",3,2019,3,2019,920628
2014,"保健衛生","50-99",1,2016,1,2016,999676
2015,"保健衛生","50-99",3,2200,3,2200,1004178
2016,"保健衛生","50-99",1,2273,1,2273,1008700
2017,"保健衛生","50-99",1,2320,1,2320,1026627
2018,"保健衛生","50-99",0,2551,0,2551,1044873
2019,"保健衛生","50-99",1,2717,1,2717,1063444
2020,"保健衛生","50-99",1,3087,2,3644,1082344
2021,"保健衛生","50-99",0,3252,2,4900,1101580
2022,"保健衛生","50-99",0,3229,0,3229,1072914
2023,"保健衛生","50-99",2,3360,2,3360,1044994
2024,"保健衛生","50-99",0,3526,0,3526,1017800
2025,"保健衛生","50-99",3,3518,3,3518,1017800
2009,"保健衛生","100-299",3,2190,3,2190,944793
2010,"保健衛生","100-299",2,2304,2,2304,961055
2011,"保健衛生","100-299",1,2360,1,2360,977598
2012,"保健衛生","100-299",2,2416,2,2416,994425
2013,"保健衛生","100-299",2,2560,2,2560,1051207
2014,"保健衛生","100-299",3,2593,3,2593,1111232
2015,"保健衛生","100-299",3,2507,3,2507,1103766
2016,"保健衛生","100-299",1,2690,1,2690,1096350
2017,"保健衛生","100-299",0,2725,0,2725,1108408
2018,"保健衛生","100-299",1,2856,1,2856,1120599
2019,"保健衛生","100-299",4,2973,4,2973,1132925
2020,"保健衛生","100-299",0,3260,1,4176,1145385
2021,"保健衛生","100-299",1,3567,7,6354,1157983
2022,"保健衛生","100-299",1,3496,1,3496,1107518
2023,"保健衛生","100-299",0,3767,0,3767,1059252
2024,"保健衛生","100-299",2,3685,2,3685,1013089
2025,"保健衛生","100-299",0,3736,0,3736,1013089
2009,"保健衛生","300+",0,897,0,897,798097
2010,"保健衛生","300+",0,939,0,939,847008
2011,"保健衛生","300+",0,1124,0,1124,898917
2012,"保健衛生","300+",1,1151,1,1151,954007
2013,"保健衛生","300+",1,1069,1,1069,1047637
2014,"保健衛生","300+",0,1096,0,1096,1150457
2015,"保健衛生","300+",0,1164,0,1164,1185427
2016,"保健衛生","300+",2,1229,2,1229,1221460
2017,"保健衛生","300+",0,1272,0,1272,1248543
2018,"保健衛生","300+",0,1506,0,1506,1276227
2019,"保健衛生","300+",0,1360,0,1360,1304525
2020,"保健衛生","300+",3,1644,3,3787,1333450
2021,"保健衛生","300+",1,1748,1,5421,1363017
2022,"保健衛生","300+",1,1825,1,1825,1327044
2023,"保健衛生","300+",2,2007,2,2007,1292020
2024,"保健衛生","300+",1,2009,1,2009,1257921
2025,"保健衛生","300+",4,2036,4,2036,1257921
2009,"商業","1-9",40,3256,40,3256,3713819
2010,"商業","1-9",40,3393,40,3393,3615855
2011,"商業","1-9",41,3445,41,3445,3520475
2012,"商業","1-9",38,3554,38,3554,3427611
2013,"商業","1-9",25,3333,25,3333,3541232
2014,"商業","1-9",35,3310,35,3310,3658620
2015,"商業","1-9",25,3160,25,3160,3586304
2016,"商業","1-9",35,3372,35,3372,3515417
2017,"商業","1-9",34,3389,34,3389,3453154
2018,"商業","1-9",24,3692,24,3692,3391994
2019,"商業","1-9",16,3487,16,3487,3331917
2020,"商業","1-9",32,3507,33,3536,3272905
2021,"商業","1-9",22,3611,23,3897,3214937
2022,"商業","1-9",32,3662,32,3662,3207413
2023,"商業","1-9",28,3623,28,3623,3199907
2024,"商業","1-9",18,3520,18,3520,3192418
2025,"商業","1-9",24,3457,24,3457,3192418
2009,"商業","10-29",35,4500,35,4500,3628671
2010,"商業","10-29",36,4664,36,4664,3551538
2011,"商業","10-29",34,4785,34,4785,3476044
2012,"商業","10-29",48,5026,48,5026,3402155
2013,"商業","10-29",34,4907,34,4907,3576197
2014,"商業","10-29",42,5114,42,5114,3759143
2015,"商業","10-29",41,5006,41,5006,3810441
2016,"商業","10-29",37,5194,37,5194,3862440
2017,"商業","10-29",32,5355,32,5355,3866999
2018,"商業","10-29",34,5799,34,5799,3871564
2019,"商業","10-29",29,5697,29,5697,3876134
2020,"商業","10-29",24,5766,24,5811,3880710
2021,"商業","10-29",27,6346,30,6687,3885291
2022,"商業","10-29",30,6435,30,6435,3843447
2023,"商業","10-29",24,6391,24,6391,3802054
2024,"商業","10-29",22,6650,22,6650,3761106
2025,"商業","10-29",22,6793,22,6793,3761106
2009,"商業","30-49",23,2332,23,2332,1261434
2010,"商業","30-49",21,2335,21,2335,1224778
2011,"商業","30-49",11,2380,11,2380,1189187
2012,"商業","30-49",17,2515,17,2515,1154631
2013,"商業","30-49",22,2501,22,2501,1202120
2014,"商業","30-49",13,2698,13,2698,1251563
2015,"商業","30-49",12,2539,12,2539,1273599
2016,"商業","30-49",17,2583,17,2583,1296024
2017,"商業","30-49",15,2690,15,2690,1307166
2018,"商業","30-49",11,2789,11,2789,1318403
2019,"商業","30-49",11,2809,11,2809,1329738
2020,"商業","30-49",12,2843,12,2852,1341169
2021,"商業","30-49",9,3078,11,3181,1352699
2022,"商業","30-49",12,3087,12,3087,1354984
2023,"商業","30-49",10,3067,10,3067,1357272
2024,"商業","30-49",9,3096,9,3096,1359565
2025,"商業","30-49",10,3281,10,3281,1359565
2009,"商業","50-99",13,2290,13,2290,1415284
2010,"商業","50-99",11,2425,11,2425,1378678
2011,"商業","50-99",9,2492,9,2492,1343019
2012,"商業","50-99",7,2457,7,2457,1308282
2013,"商業","50-99",6,2603,6,2603,1347871
2014,"商業","50-99",8,2724,8,2724,1388658
2015,"商業","50-99",6,2700,6,2700,1408186
2016,"商業","50-99",3,2666,3,2666,1427988
2017,"商業","50-99",7,2827,7,2827,1432943
2018,"商業","50-99",3,3084,3,3084,1437916
2019,"商業","50-99",6,3118,6,3118,1442906
2020,"商業","50-99",2,3330,2,3338,1447913
2021,"商業","50-99",4,3409,5,3495,1452938
2022,"商業","50-99",4,3522,4,3522,1446945
2023,"商業","50-99",6,3449,6,3449,1440977
2024,"商業","50-99",2,3510,2,3510,1435033
2025,"商業","50-99",2,3740,2,3740,1435033
2009,"商業","100-299",2,2212,2,2212,1367300
2010,"商業","100-299",8,2317,8,2317,1336913
2011,"商業","100-299",3,2442,3,2442,1307202
2012,"商業","100-299",6,2470,6,2470,1278151
2013,"商業","100-299",6,2401,6,2401,1291823
2014,"商業","100-299",5,2519,5,2519,1305642
2015,"商業","100-299",6,2670,6,2670,1349025
2016,"商業","100-299",0,2764,0,2764,1393849
2017,"商業","100-299",3,2882,3,2882,1419990
2018,"商業","100-299",5,3109,5,3109,1446622
2019,"商業","100-299",2,3150,2,3150,1473753
2020,"商業","100-299",2,3356,3,3366,1501393
2021,"商業","100-299",1,3701,2,3779,1529551
2022,"商業","100-299",1,3636,1,3636,1514238
2023,"商業","100-299",4,3865,4,3865,1499077
2024,"商業","100-299",2,3954,2,3954,1484069
2025,"商業","100-299",3,4349,3,4349,1484069
2009,"商業","300+",2,1098,2,1098,923753
2010,"商業","300+",2,1077,2,1077,908320
2011,"商業","300+",2,1108,2,1108,893144
2012,"商業","300+",1,1196,1,1196,878222
2013,"商業","300+",0,1091,0,1091,927015
2014,"商業","300+",0,1140,0,1140,978519
2015,"商業","300+",2,1075,2,1075,932961
2016,"商業","300+",0,1114,0,1114,889524
2017,"商業","300+",1,1127,1,1127,907209
2018,"商業","300+",1,1271,1,1271,925245
2019,"商業","300+",1,1173,1,1173,943639
2020,"商業","300+",0,1240,0,1266,962400
2021,"商業","300+",1,1293,1,1369,981533
2022,"商業","300+",2,1360,2,1360,982212
2023,"商業","300+",0,1278,0,1278,982891
2024,"商業","300+",2,1309,2,1309,983570
2025,"商業","300+",0,1508,0,1508,983570
2009,"建設業","1-9",195,10200,195,10200,1191446
2010,"建設業","1-9",204,10152,204,10152,1139731
2011,"建設業","1-9",194,10395,194,10395,1090260
2012,"建設業","1-9",203,10502,203,10502,1042937
2013,"建設業","1-9",195,10502,195,10502,1044375
2014,"建設業","1-9",186,10442,186,10442,1045815
2015,"建設業","1-9",183,9420,183,9420,1018264
2016,"建設業","1-9",146,9005,146,9005,991439
2017,"建設業","1-9",194,8959,194,8959,988429
2018,"建設業","1-9",166,9099,166,9099,985428
2019,"建設業","1-9",151,8866,151,8866,982436
2020,"建設業","1-9",145,8375,145,8413,979454
2021,"建設業","1-9",151,8473,157,8750,976480
2022,"建設業","1-9",166,8178,166,8178,978281
2023,"建設業","1-9",134,7948,134,7948,980086
2024,"建設業","1-9",131,7444,131,7444,981894
2025,"建設業","1-9",114,7142,114,7142,981894
2009,"建設業","10-29",109,4356,109,4356,955848
2010,"建設業","10-29",121,4384,121,4384,919069
2011,"建設業","10-29",92,4488,92,4488,883705
2012,"建設業","10-29",114,4688,114,4688,849702
2013,"建設業","10-29",96,4718,96,4718,866989
2014,"建設業","10-29",128,4739,128,4739,884627
2015,"建設業","10-29",99,4270,99,4270,879218
2016,"建設業","10-29",98,4210,98,4210,873843
2017,"建設業","10-29",92,4234,92,4234,881776
2018,"建設業","10-29",97,4313,97,4313,889781
2019,"建設業","10-29",84,4329,84,4329,897858
2020,"建設業","10-29",79,4454,79,4527,906009
2021,"建設業","10-29",83,4498,84,4947,914234
2022,"建設業","10-29",66,4371,66,4371,926577
2023,"建設業","10-29",54,4333,54,4333,939087
2024,"建設業","10-29",69,4327,69,4327,951766
2025,"建設業","10-29",68,4237,68,4237,951766
2009,"建設業","30-49",45,993,45,993,306546
2010,"建設業","30-49",21,937,21,937,299189
2011,"建設業","30-49",36,1125,36,1125,292009
2012,"建設業","30-49",28,1094,28,1094,285001
2013,"建設業","30-49",22,1098,22,1098,295114
2014,"建設業","30-49",36,1178,36,1178,305585
2015,"建設業","30-49",25,1106,25,1106,311658
2016,"建設業","30-49",33,1066,33,1066,317852
2017,"建設業","30-49",21,1170,21,1170,320778
2018,"建設業","30-49",20,1176,20,1176,323731
2019,"建設業","30-49",18,1171,18,1171,326712
2020,"建設業","30-49",24,1146,26,1184,329720
2021,"建設業","30-49",26,1132,27,1280,332755
2022,"建設業","30-49",29,1112,29,1112,339017
2023,"建設業","30-49",20,1152,20,1152,345396
2024,"建設業","30-49",20,1155,20,1155,351896
2025,"建設業","30-49",22,1121,22,1121,351896
2009,"建設業","50-99",18,482,18,482,278705
2010,"建設業","50-99",13,420,13,420,269251
2011,"建設業","50-99",11,504,11,504,260118
2012,"建設業","50-99",10,511,10,511,251295
2013,"建設業","50-99",14,557,14,557,260975
2014,"建設業","50-99",18,544,18,544,271028
2015,"建設業","50-99",16,531,16,531,269204
2016,"建設業","50-99",10,501,10,501,267392
2017,"建設業","50-99",12,494,12,494,269212
2018,"建設業","50-99",18,514,18,514,271045
2019,"建設業","50-99",7,511,7,511,272890
2020,"建設業","50-99",5,516,5,529,274748
2021,"建設業","50-99",9,508,9,627,276618
2022,"建設業","50-99",14,550,14,550,280848
2023,"建設業","50-99",8,608,8,608,285143
2024,"建設業","50-99",7,556,7,556,289504
2025,"建設業","50-99",8,611,8,611,289504
2009,"建設業","100-299",3,189,3,189,235999
2010,"建設業","100-299",6,198,6,198,224743
2011,"建設業","100-299",9,215,9,215,214023
2012,"建設業","100-299",12,226,12,226,203815
2013,"建設業","100-299",13,264,13,264,203031
2014,"建設業","100-299",8,229,8,229,202250
2015,"建設業","100-299",4,206,4,206,206181
2016,"建設業","100-299",7,234,7,234,210188
2017,"建設業","100-299",3,223,3,223,214654
2018,"建設業","100-299",8,217,8,217,219214
2019,"建設業","100-299",8,229,8,229,223871
2020,"建設業","100-299",2,244,2,250,228628
2021,"建設業","100-299",8,250,10,371,233485
2022,"建設業","100-299",5,253,5,253,242575
2023,"建設業","100-299",7,294,7,294,252019
2024,"建設業","100-299",5,288,5,288,261830
2025,"建設業","100-299",2,252,2,252,261830
2009,"建設業","300+",1,48,1,48,165889
2010,"建設業","300+",0,52,0,52,163057
2011,"建設業","300+",0,46,0,46,160273
2012,"建設業","300+",0,52,0,52,157536
2013,"建設業","300+",2,50,2,50,154759
2014,"建設業","300+",1,52,1,52,152031
2015,"建設業","300+",0,51,0,51,152902
2016,"建設業","300+",0,42,0,42,153777
2017,"建設業","300+",1,49,1,49,153661
2018,"建設業","300+",0,55,0,55,153545
2019,"建設業","300+",1,77,1,77,153429
2020,"建設業","300+",1,55,1,74,153314
2021,"建設業","300+",1,65,1,104,153198
2022,"建設業","300+",1,75,1,75,161292
2023,"建設業","300+",0,79,0,79,169813
2024,"建設業","300+",0,79,0,79,178784
2025,"建設業","300+",0,74,0,74,178784
2009,"接客娯楽","1-9",10,1263,10,1263,1237461
2010,"接客娯楽","1-9",4,1217,4,1217,1195543
2011,"接客娯楽","1-9",3,1257,3,1257,1155046
2012,"接客娯楽","1-9",5,1236,5,1236,1115920
2013,"接客娯楽","1-9",7,1154,7,1154,1155306
2014,"接客娯楽","1-9",6,1203,6,1203,1196083
2015,"接客娯楽","1-9",3,1260,3,1260,1164852
2016,"接客娯楽","1-9",5,1231,5,1231,1134436
2017,"接客娯楽","1-9",9,1258,9,1258,1093741
2018,"接客娯楽","1-9",5,1223,5,1223,1054506
2019,"接客娯楽","1-9",3,1248,3,1248,1016678
2020,"接客娯楽","1-9",5,1170,5,1209,980207
2021,"接客娯楽","1-9",2,1139,2,1273,945045
2022,"接客娯楽","1-9",0,1264,0,1264,876108
2023,"接客娯楽","1-9",4,1306,4,1306,812199
2024,"接客娯楽","1-9",2,1198,2,1198,752952
2025,"接客娯楽","1-9",4,1182,4,1182,752952
2009,"接客娯楽","10-29",5,2346,5,2346,1666144
2010,"接客娯楽","10-29",9,2439,9,2439,1655666
2011,"接客娯楽","10-29",6,2578,6,2578,1645254
2012,"接客娯楽","10-29",8,2678,8,2678,1634908
2013,"接客娯楽","10-29",5,2678,5,2678,1649003
2014,"接客娯楽","10-29",5,2720,5,2720,1663219
2015,"接客娯楽","10-29",4,2807,4,2807,1734758
2016,"接客娯楽","10-29",4,2826,4,2826,1809375
2017,"接客娯楽","10-29",3,2837,3,2837,1757642
2018,"接客娯楽","10-29",7,2978,7,2978,1707389
2019,"接客娯楽","10-29",7,2960,7,2960,1658572
2020,"接客娯楽","10-29",4,2719,4,2756,1611151
2021,"接客娯楽","10-29",8,2606,9,2771,1565086
2022,"接客娯楽","10-29",2,2883,2,2883,1566185
2023,"接客娯楽","10-29",6,3023,6,3023,1567285
2024,"接客娯楽","10-29",6,3092,6,3092,1568385
2025,"接客娯楽","10-29",5,3019,5,3019,1568385
2009,"接客娯楽","30-49",6,1756,6,1756,756335
2010,"接客娯楽","30-49",9,1654,9,1654,714772
2011,"接客娯楽","30-49",3,1614,3,1614,675493
2012,"接客娯楽","30-49",5,1799,5,1799,638373
2013,"接客娯楽","30-49",4,1674,4,1674,660072
2014,"接客娯楽","30-49",5,1713,5,1713,682509
2015,"接客娯楽","30-49",4,1753,4,1753,710796
2016,"接客娯楽","30-49",3,1864,3,1864,740256
2017,"接客娯楽","30-49",3,1924,3,1924,702259
2018,"接客娯楽","30-49",1,2042,1,2042,666213
2019,"接客娯楽","30-49",7,2167,7,2167,632017
2020,"接客娯楽","30-49",1,1967,1,1977,599577
2021,"接客娯楽","30-49",5,1959,5,2037,568801
2022,"接客娯楽","30-49",1,1975,1,1975,630948
2023,"接客娯楽","30-49",3,2260,3,2260,699885
2024,"接客娯楽","30-49",3,2544,3,2544,776354
2025,"接客娯楽","30-49",4,2509,4,2509,776354
2009,"接客娯楽","50-99",7,1436,7,1436,541743
2010,"接客娯楽","50-99",5,1376,5,1376,517785
2011,"接客娯楽","50-99",4,1294,4,1294,494887
2012,"接客娯楽","50-99",2,1300,2,1300,473001
2013,"接客娯楽","50-99",7,1404,7,1404,481821
2014,"接客娯楽","50-99",2,1335,2,1335,490805
2015,"接客娯楽","50-99",1,1333,1,1333,499489
2016,"接客娯楽","50-99",0,1271,0,1271,508327
2017,"接客娯楽","50-99",1,1278,1,1278,515987
2018,"接客娯楽","50-99",3,1408,3,1408,523763
2019,"接客娯楽","50-99",2,1400,2,1400,531655
2020,"接客娯楽","50-99",2,1207,2,1208,539667
2021,"接客娯楽","50-99",0,1350,0,1407,547799
2022,"接客娯楽","50-99",2,1554,2,1554,566672
2023,"接客娯楽","50-99",2,1641,2,1641,586196
2024,"接客娯楽","50-99",2,1625,2,1625,606392
2025,"接客娯楽","50-99",5,1727,5,1727,606392
2009,"接客娯楽","100-299",1,934,1,934,268387
2010,"接客娯楽","100-299",3,916,3,916,263496
2011,"接客娯楽","100-299",1,881,1,881,258694
2012,"接客娯楽","100-299",3,858,3,858,253979
2013,"接客娯楽","100-299",2,889,2,889,256129
2014,"接客娯楽","100-299",1,892,1,892,258298
2015,"接客娯楽","100-299",2,928,2,928,250350
2016,"接客娯楽","100-299",2,908,2,908,242646
2017,"接客娯楽","100-299",4,872,4,872,238886
2018,"接客娯楽","100-299",4,1018,4,1018,235184
2019,"接客娯楽","100-299",1,1037,1,1037,231539
2020,"接客娯楽","100-299",1,821,1,823,227951
2021,"接客娯楽","100-299",2,903,2,977,224418
2022,"接客娯楽","100-299",2,1013,2,1013,239803
2023,"接客娯楽","100-299",2,975,2,975,256242
2024,"接客娯楽","100-299",0,1190,0,1190,273809
2025,"接客娯楽","100-299",2,1297,2,1297,273809
2009,"接客娯楽","300+",1,375,1,375,171054
2010,"接客娯楽","300+",0,343,0,343,182993
2011,"接客娯楽","300+",0,350,0,350,195765
2012,"接客娯楽","300+",0,397,0,397,209429
2013,"接客娯楽","300+",0,349,0,349,188720
2014,"接客娯楽","300+",0,350,0,350,170059
2015,"接客娯楽","300+",0,372,0,372,161250
2016,"接客娯楽","300+",0,389,0,389,152898
2017,"接客娯楽","300+",0,452,0,452,151757
2018,"接客娯楽","300+",0,441,0,441,150624
2019,"接客娯楽","300+",1,533,1,533,149500
2020,"接客娯楽","300+",0,268,0,269,148384
2021,"接客娯楽","300+",0,280,0,283,147277
2022,"接客娯楽","300+",0,451,0,451,136717
2023,"接客娯楽","300+",0,481,0,481,126914
2024,"接客娯楽","300+",0,491,0,491,117814
2025,"接客娯楽","300+",0,504,0,504,117814
2009,"製造業","1-9",37,6163,37,6163,1253845
2010,"製造業","1-9",51,5906,51,5906,1220252
2011,"製造業","1-9",46,5803,46,5803,1187558
2012,"製造業","1-9",42,5539,42,5539,1155741
2013,"製造業","1-9",46,5197,46,5197,1147597
2014,"製造業","1-9",32,5112,32,5112,1139510
2015,"製造業","1-9",39,4800,39,4800,1097839
2016,"製造業","1-9",38,4582,38,4582,1057692
2017,"製造業","1-9",28,4450,28,4450,1032629
2018,"製造業","1-9",44,4542,44,4542,1008159
2019,"製造業","1-9",25,4155,25,4155,984269
2020,"製造業","1-9",32,3823,32,3832,960946
2021,"製造業","1-9",33,3772,34,3840,938175
2022,"製造業","1-9",31,3647,31,3647,908812
2023,"製造業","1-9",34,3533,34,3533,880367
2024,"製造業","1-9",23,3291,23,3291,852813
2025,"製造業","1-9",28,3170,28,3170,852813
2009,"製造業","10-29",50,7615,50,7615,1602921
2010,"製造業","10-29",48,7516,48,7516,1576965
2011,"製造業","10-29",44,7351,44,7351,1551429
2012,"製造業","10-29",52,7516,52,7516,1526306
2013,"製造業","10-29",49,7114,49,7114,1534935
2014,"製造業","10-29",56,7209,56,7209,1543613
2015,"製造業","10-29",50,6853,50,6853,1528998
2016,"製造業","10-29",42,6610,42,6610,1514522
2017,"製造業","10-29",51,6604,51,6604,1501974
2018,"製造業","10-29",56,6745,56,6745,1489529
2019,"製造業","10-29",40,6498,40,6498,1477188
2020,"製造業","10-29",28,6169,30,6196,1464949
2021,"製造業","10-29",31,6463,33,6638,1452811
2022,"製造業","10-29",34,6342,34,6342,1432370
2023,"製造業","10-29",28,6415,28,6415,1412217
2024,"製造業","10-29",42,6277,42,6277,1392348
2025,"製造業","10-29",29,5955,29,5955,1392348
2009,"製造業","30-49",29,3968,29,3968,940193
2010,"製造業","30-49",32,4059,32,4059,911042
2011,"製造業","30-49",29,4088,29,4088,882795
2012,"製造業","30-49",28,4117,28,4117,855424
2013,"製造業","30-49",29,4017,29,4017,881316
2014,"製造業","30-49",25,4053,25,4053,907992
2015,"製造業","30-49",22,3956,22,3956,892912
2016,"製造業","30-49",30,3952,30,3952,878082
2017,"製造業","30-49",25,3988,25,3988,879635
2018,"製造業","30-49",17,4169,17,4169,881190
2019,"製造業","30-49",15,4023,15,4023,882748
2020,"製造業","30-49",17,3797,17,3812,884308
2021,"製造業","30-49",15,3903,15,4094,885872
2022,"製造業","30-49",22,4052,22,4052,880971
2023,"製造業","30-49",25,4036,25,4036,876096
2024,"製造業","30-49",26,3997,26,3997,871249
2025,"製造業","30-49",15,3949,15,3949,871249
2009,"製造業","50-99",18,3756,18,3756,1292685
2010,"製造業","50-99",22,4114,22,4114,1265869
2011,"製造業","50-99",18,4151,18,4151,1239610
2012,"製造業","50-99",25,4110,25,4110,1213895
2013,"製造業","50-99",20,3943,20,3943,1231250
2014,"製造業","50-99",23,3991,23,3991,1248854
2015,"製造業","50-99",15,3842,15,3842,1245309
2016,"製造業","50-99",22,4027,22,4027,1241775
2017,"製造業","50-99",20,4106,20,4106,1243033
2018,"製造業","50-99",17,4325,17,4325,1244292
2019,"製造業","50-99",24,4294,24,4294,1245553
2020,"製造業","50-99",15,4092,15,4162,1246815
2021,"製造業","50-99",20,4168,21,4503,1248078
2022,"製造業","50-99",16,4275,16,4275,1249693
2023,"製造業","50-99",15,4407,15,4407,1251309
2024,"製造業","50-99",17,4565,17,4565,1252928
2025,"製造業","50-99",13,4505,13,4505,1252928
2009,"製造業","100-299",33,4352,33,4352,1875118
2010,"製造業","100-299",35,4639,35,4639,1850103
2011,"製造業","100-299",27,4524,27,4524,1825421
2012,"製造業","100-299",25,4510,25,4510,1801069
2013,"製造業","100-299",34,4421,34,4421,1803695
2014,"製造業","100-299",32,4500,32,4500,1806325
2015,"製造業","100-299",20,4543,20,4543,1805926
2016,"製造業","100-299",33,4691,33,4691,1805528
2017,"製造業","100-299",25,4773,25,4773,1819968
2018,"製造業","100-299",28,5148,28,5148,1834523
2019,"製造業","100-299",22,4974,22,4974,1849195
2020,"製造業","100-299",25,4680,25,4821,1863984
2021,"製造業","100-299",18,5135,19,5837,1878891
2022,"製造業","100-299",24,5250,24,5250,1884617
2023,"製造業","100-299",26,5557,26,5557,1890361
2024,"製造業","100-299",14,5306,14,5306,1896122
2025,"製造業","100-299",14,5499,14,5499,1896122
2009,"製造業","300+",19,2141,19,2141,2725763
2010,"製造業","300+",23,2409,23,2409,2674805
2011,"製造業","300+",18,2540,18,2540,2624800
2012,"製造業","300+",27,2499,27,2499,2575729
2013,"製造業","300+",23,2385,23,2385,2553458
2014,"製造業","300+",12,2587,12,2587,2531380
2015,"製造業","300+",14,2397,14,2397,2482192
2016,"製造業","300+",12,2592,12,2592,2433960
2017,"製造業","300+",11,2753,11,2753,2448523
2018,"製造業","300+",21,2913,21,2913,2463174
2019,"製造業","300+",15,2929,15,2929,2477912
2020,"製造業","300+",17,2769,17,2852,2492739
2021,"製造業","300+",14,2983,15,3693,2507654
2022,"製造業","300+",13,3128,13,3128,2510802
2023,"製造業","300+",10,3246,10,3246,2513954
2024,"製造業","300+",20,3240,20,3240,2517110
2025,"製造業","300+",16,3293,16,3293,2517110
2009,"農林水産","1-9",43,2480,43,2480,73136
2010,"農林水産","1-9",66,2557,66,2557,71129
2011,"農林水産","1-9",50,2465,50,2465,69177
2012,"農林水産","1-9",46,2341,46,2341,67278
2013,"農林水産","1-9",41,2280,41,2280,72242
2014,"農林水産","1-9",40,2219,40,2219,77572
2015,"農林水産","1-9",47,2165,47,2165,77108
2016,"農林水産","1-9",50,2122,50,2122,76647
2017,"農林水産","1-9",48,2046,48,2046,79852
2018,"農林水産","1-9",30,2051,30,2051,83192
2019,"農林水産","1-9",34,2021,34,2021,86671
2020,"農林水産","1-9",52,2128,52,2128,90295
2021,"農林水産","1-9",44,2049,44,2056,94071
2022,"農林水産","1-9",34,2041,34,2041,97842
2023,"農林水産","1-9",38,1937,38,1937,101765
2024,"農林水産","1-9",45,1927,45,1927,105845
2025,"農林水産","1-9",38,1842,38,1842,105845
2009,"農林水産","10-29",22,1463,22,1463,84702
2010,"農林水産","10-29",23,1503,23,1503,81316
2011,"農林水産","10-29",17,1485,17,1485,78065
2012,"農林水産","10-29",19,1504,19,1504,74944
2013,"農林水産","10-29",15,1412,15,1412,81583
2014,"農林水産","10-29",16,1319,16,1319,88810
2015,"農林水産","10-29",19,1336,19,1336,90765
2016,"農林水産","10-29",17,1404,17,1404,92764
2017,"農林水産","10-29",21,1332,21,1332,95984
2018,"農林水産","10-29",12,1403,12,1403,99317
2019,"農林水産","10-29",22,1376,22,1376,102765
2020,"農林水産","10-29",16,1482,16,1482,106332
2021,"農林水産","10-29",16,1450,16,1463,110024
2022,"農林水産","10-29",10,1436,10,1436,112758
2023,"農林水産","10-29",14,1559,14,1559,115560
2024,"農林水産","10-29",11,1479,11,1479,118431
2025,"農林水産","10-29",21,1496,21,1496,118431
2009,"農林水産","30-49",7,473,7,473,32544
2010,"農林水産","30-49",14,510,14,510,30989
2011,"農林水産","30-49",3,504,3,504,29508
2012,"農林水産","30-49",3,456,3,456,28098
2013,"農林水産","30-49",10,379,10,379,30017
2014,"農林水産","30-49",6,406,6,406,32066
2015,"農林水産","30-49",4,443,4,443,32556
2016,"農林水産","30-49",8,383,8,383,33053
2017,"農林水産","30-49",3,357,3,357,34826
2018,"農林水産","30-49",6,399,6,399,36694
2019,"農林水産","30-49",7,426,7,426,38663
2020,"農林水産","30-49",3,440,3,440,40737
2021,"農林水産","30-49",7,430,7,446,42922
2022,"農林水産","30-49",4,402,4,402,43906
2023,"農林水産","30-49",3,451,3,451,44912
2024,"農林水産","30-49",1,439,1,439,45942
2025,"農林水産","30-49",8,414,8,414,45942
2009,"農林水産","50-99",2,380,2,380,28245
2010,"農林水産","50-99",8,422,8,422,27226
2011,"農林水産","50-99",3,400,3,400,26243
2012,"農林水産","50-99",3,394,3,394,25296
2013,"農林水産","50-99",2,330,2,330,25007
2014,"農林水産","50-99",10,295,10,295,24721
2015,"農林水産","50-99",1,320,1,320,24890
2016,"農林水産","50-99",2,289,2,289,25060
2017,"農林水産","50-99",3,231,3,231,26043
2018,"農林水産","50-99",2,277,2,277,27065
2019,"農林水産","50-99",0,263,0,263,28127
2020,"農林水産","50-99",1,271,1,274,29231
2021,"農林水産","50-99",4,314,4,317,30378
2022,"農林水産","50-99",1,293,1,293,29780
2023,"農林水産","50-99",1,297,1,297,29193
2024,"農林水産","50-99",1,331,1,331,28618
2025,"農林水産","50-99",0,339,0,339,28618
2009,"農林水産","100-299",1,128,1,128,21525
2010,"農林水産","100-299",2,158,2,158,20359
2011,"農林水産","100-299",1,152,1,152,19257
2012,"農林水産","100-299",1,150,1,150,18214
2013,"農林水産","100-299",0,123,0,123,17295
2014,"農林水産","100-299",2,116,2,116,16422
2015,"農林水産","100-299",1,121,1,121,17389
2016,"農林水産","100-299",0,120,0,120,18414
2017,"農林水産","100-299",0,119,0,119,19051
2018,"農林水産","100-299",0,145,0,145,19709
2019,"農林水産","100-299",0,141,0,141,20391
2020,"農林水産","100-299",0,163,0,163,21096
2021,"農林水産","100-299",0,156,0,157,21825
2022,"農林水産","100-299",2,162,2,162,21262
2023,"農林水産","100-299",0,155,0,155,20714
2024,"農林水産","100-299",0,165,0,165,20180
2025,"農林水産","100-299",0,149,0,149,20180
2009,"農林水産","300+",0,7,0,7,1490
2010,"農林水産","300+",0,12,0,12,1732
2011,"農林水産","300+",0,6,0,6,2014
2012,"農林水産","300+",0,5,0,5,2342
2013,"農林水産","300+",0,13,0,13,1780
2014,"農林水産","300+",0,8,0,8,1353
2015,"農林水産","300+",0,9,0,9,981
2016,"農林水産","300+",0,13,0,13,711
2017,"農林水産","300+",0,10,0,10,890
2018,"農林水産","300+",0,16,0,16,1114
2019,"農林水産","300+",0,12,0,12,1394
2020,"農林水産","300+",0,8,0,8,1744
2021,"農林水産","300+",0,11,0,13,2183
2022,"農林水産","300+",0,4,0,4,2241
2023,"農林水産","300+",0,10,0,10,2301
2024,"農林水産","300+",0,18,0,18,2362
2025,"農林水産","300+",0,13,0,13,2362
2009,"運輸・貨物","1-9",21,1669,21,1669,184533
2010,"運輸・貨物","1-9",30,1755,30,1755,179751
2011,"運輸・貨物","1-9",33,1754,33,1754,175093
2012,"運輸・貨物","1-9",30,1796,30,1796,170556
2013,"運輸・貨物","1-9",16,1636,16,1636,172103
2014,"運輸・貨物","1-9",21,1703,21,1703,173665
2015,"運輸・貨物","1-9",29,1567,29,1567,169716
2016,"運輸・貨物","1-9",23,1580,23,1580,165857
2017,"運輸・貨物","1-9",29,1663,29,1663,166393
2018,"運輸・貨物","1-9",26,1658,26,1658,166930
2019,"運輸・貨物","1-9",21,1614,21,1614,167469
2020,"運輸・貨物","1-9",16,1513,16,1515,168010
2021,"運輸・貨物","1-9",22,1517,23,1543,168553
2022,"運輸・貨物","1-9",18,1502,18,1502,169803
2023,"運輸・貨物","1-9",22,1398,22,1398,171062
2024,"運輸・貨物","1-9",30,1519,30,1519,172330
2025,"運輸・貨物","1-9",19,1281,19,1281,172330
2009,"運輸・貨物","10-29",51,4687,51,4687,583018
2010,"運輸・貨物","10-29",65,4885,65,4885,569781
2011,"運輸・貨物","10-29",51,4918,51,4918,556845
2012,"運輸・貨物","10-29",54,4873,54,4873,544203
2013,"運輸・貨物","10-29",46,4903,46,4903,555247
2014,"運輸・貨物","10-29",64,4991,64,4991,566516
2015,"運輸・貨物","10-29",59,4709,59,4709,566999
2016,"運輸・貨物","10-29",39,4721,39,4721,567482
2017,"運輸・貨物","10-29",61,4853,61,4853,570046
2018,"運輸・貨物","10-29",44,4960,44,4960,572622
2019,"運輸・貨物","10-29",40,4613,40,4613,575210
2020,"運輸・貨物","10-29",35,4748,35,4772,577809
2021,"運輸・貨物","10-29",40,4885,41,4972,580420
2022,"運輸・貨物","10-29",39,4950,39,4950,576046
2023,"運輸・貨物","10-29",39,4898,39,4898,571706
2024,"運輸・貨物","10-29",45,4924,45,4924,567398
2025,"運輸・貨物","10-29",38,4681,38,4681,567398
2009,"運輸・貨物","30-49",28,3105,28,3105,420251
2010,"運輸・貨物","30-49",30,3287,30,3287,401011
2011,"運輸・貨物","30-49",31,3188,31,3188,382652
2012,"運輸・貨物","30-49",32,3165,32,3165,365134
2013,"運輸・貨物","30-49",38,3404,38,3404,393954
2014,"運輸・貨物","30-49",26,3324,26,3324,425048
2015,"運輸・貨物","30-49",31,3351,31,3351,422800
2016,"運輸・貨物","30-49",27,3380,27,3380,420563
2017,"運輸・貨物","30-49",36,3516,36,3516,423845
2018,"運輸・貨物","30-49",24,3845,24,3845,427153
2019,"運輸・貨物","30-49",22,3777,22,3777,430487
2020,"運輸・貨物","30-49",24,3827,24,3853,433847
2021,"運輸・貨物","30-49",18,3921,23,4011,437233
2022,"運輸・貨物","30-49",20,3968,20,3968,435792
2023,"運輸・貨物","30-49",30,3881,30,3881,434356
2024,"運輸・貨物","30-49",20,3893,20,3893,432924
2025,"運輸・貨物","30-49",24,3695,24,3695,432924
2009,"運輸・貨物","50-99",20,2882,20,2882,531182
2010,"運輸・貨物","50-99",28,3028,28,3028,509917
2011,"運輸・貨物","50-99",19,3159,19,3159,489504
2012,"運輸・貨物","50-99",24,3101,24,3101,469908
2013,"運輸・貨物","50-99",20,3230,20,3230,501190
2014,"運輸・貨物","50-99",26,3176,26,3176,534554
2015,"運輸・貨物","50-99",14,3188,14,3188,533056
2016,"運輸・貨物","50-99",23,3273,23,3273,531563
2017,"運輸・貨物","50-99",21,3456,21,3456,536895
2018,"運輸・貨物","50-99",19,3918,19,3918,542280
2019,"運輸・貨物","50-99",20,3763,20,3763,547719
2020,"運輸・貨物","50-99",17,3632,18,3651,553212
2021,"運輸・貨物","50-99",11,3973,14,4116,558761
2022,"運輸・貨物","50-99",14,4087,14,4087,544113
2023,"運輸・貨物","50-99",15,4006,15,4006,529849
2024,"運輸・貨物","50-99",15,3962,15,3962,515959
2025,"運輸・貨物","50-99",10,4065,10,4065,515959
2009,"運輸・貨物","100-299",21,3142,21,3142,623287
2010,"運輸・貨物","100-299",22,3299,22,3299,607704
2011,"運輸・貨物","100-299",19,3321,19,3321,592510
2012,"運輸・貨物","100-299",8,3339,8,3339,577696
2013,"運輸・貨物","100-299",9,3426,9,3426,578027
2014,"運輸・貨物","100-299",13,3632,13,3632,578359
2015,"運輸・貨物","100-299",19,3521,19,3521,575910
2016,"運輸・貨物","100-299",10,3515,10,3515,573471
2017,"運輸・貨物","100-299",11,3620,11,3620,571999
2018,"運輸・貨物","100-299",9,3879,9,3879,570531
2019,"運輸・貨物","100-299",16,3881,16,3881,569067
2020,"運輸・貨物","100-299",8,3696,10,3728,567606
2021,"運輸・貨物","100-299",9,3846,16,4140,566149
2022,"運輸・貨物","100-299",8,3910,8,3910,546903
2023,"運輸・貨物","100-299",17,3895,17,3895,528311
2024,"運輸・貨物","100-299",8,3981,8,3981,510351
2025,"運輸・貨物","100-299",8,3955,8,3955,510351
2009,"運輸・貨物","300+",3,1070,3,1070,288093
2010,"運輸・貨物","300+",6,993,6,993,275053
2011,"運輸・貨物","300+",3,917,3,917,262603
2012,"運輸・貨物","300+",4,1041,4,1041,250717
2013,"運輸・貨物","300+",0,1096,0,1096,273550
2014,"運輸・貨物","300+",4,1081,4,1081,298462
2015,"運輸・貨物","300+",3,1089,3,1089,268019
2016,"運輸・貨物","300+",3,1134,3,1134,240682
2017,"運輸・貨物","300+",5,1243,5,1243,246134
2018,"運輸・貨物","300+",0,1295,0,1295,251710
2019,"運輸・貨物","300+",3,1257,3,1257,257412
2020,"運輸・貨物","300+",0,1215,0,1332,263243
2021,"運輸・貨物","300+",1,1269,2,1330,269206
2022,"運輸・貨物","300+",1,1420,1,1420,262912
2023,"運輸・貨物","300+",1,1476,1,1476,256765
2024,"運輸・貨物","300+",2,1447,2,1447,250762
2025,"運輸・貨物","300+",2,1514,2,1514,250762
2009,"鉱業","1-9",2,94,2,94,7123
2010,"鉱業","1-9",3,89,3,89,6623
2011,"鉱業","1-9",3,92,3,92,6158
2012,"鉱業","1-9",3,78,3,78,5726
2013,"鉱業","1-9",3,85,3,85,5269
2014,"鉱業","1-9",6,90,6,90,4848
2015,"鉱業","1-9",4,84,4,84,4712
2016,"鉱業","1-9",4,62,4,62,4580
2017,"鉱業","1-9",9,70,9,70,4567
2018,"鉱業","1-9",1,58,1,58,4555
2019,"鉱業","1-9",3,45,3,45,4542
2020,"鉱業","1-9",5,65,5,65,4530
2021,"鉱業","1-9",1,69,1,69,4517
2022,"鉱業","1-9",2,70,2,70,4359
2023,"鉱業","1-9",1,53,1,53,4207
2024,"鉱業","1-9",0,59,0,59,4060
2025,"鉱業","1-9",1,58,1,58,4060
2009,"鉱業","10-29",6,118,6,118,9176
2010,"鉱業","10-29",2,95,2,95,8021
2011,"鉱業","10-29",6,94,6,94,7011
2012,"鉱業","10-29",2,91,2,91,6129
2013,"鉱業","10-29",5,112,5,112,5868
2014,"鉱業","10-29",6,122,6,122,5618
2015,"鉱業","10-29",5,94,5,94,5866
2016,"鉱業","10-29",2,91,2,91,6124
2017,"鉱業","10-29",3,110,3,110,6170
2018,"鉱業","10-29",1,117,1,117,6217
2019,"鉱業","10-29",6,108,6,108,6263
2020,"鉱業","10-29",3,100,3,100,6310
2021,"鉱業","10-29",6,104,6,104,6358
2022,"鉱業","10-29",1,89,1,89,6000
2023,"鉱業","10-29",1,108,1,108,5662
2024,"鉱業","10-29",0,97,0,97,5343
2025,"鉱業","10-29",5,117,5,117,5343
2009,"鉱業","30-49",1,12,1,12,2974
2010,"鉱業","30-49",0,21,0,21,2681
2011,"鉱業","30-49",1,25,1,25,2417
2012,"鉱業","30-49",1,21,1,21,2179
2013,"鉱業","30-49",0,32,0,32,2114
2014,"鉱業","30-49",1,24,1,24,2051
2015,"鉱業","30-49",1,26,1,26,1994
2016,"鉱業","30-49",1,23,1,23,1938
2017,"鉱業","30-49",0,15,0,15,1913
2018,"鉱業","30-49",0,28,0,28,1888
2019,"鉱業","30-49",1,34,1,34,1863
2020,"鉱業","30-49",0,25,0,25,1839
2021,"鉱業","30-49",1,25,1,25,1815
2022,"鉱業","30-49",1,29,1,29,1908
2023,"鉱業","30-49",2,19,2,19,2005
2024,"鉱業","30-49",0,29,0,29,2107
2025,"鉱業","30-49",0,18,0,18,2107
2009,"鉱業","50-99",0,5,0,5,1629
2010,"鉱業","50-99",0,7,0,7,1422
2011,"鉱業","50-99",1,4,1,4,1241
2012,"鉱業","50-99",0,5,0,5,1083
2013,"鉱業","50-99",0,8,0,8,1102
2014,"鉱業","50-99",0,4,0,4,1122
2015,"鉱業","50-99",0,5,0,5,1165
2016,"鉱業","50-99",0,6,0,6,1210
2017,"鉱業","50-99",1,11,1,11,1271
2018,"鉱業","50-99",0,8,0,8,1334
2019,"鉱業","50-99",0,10,0,10,1401
2020,"鉱業","50-99",0,4,0,4,1471
2021,"鉱業","50-99",3,14,3,14,1545
2022,"鉱業","50-99",0,6,0,6,1371
2023,"鉱業","50-99",1,10,1,10,1216
2024,"鉱業","50-99",0,6,0,6,1079
2025,"鉱業","50-99",0,9,0,9,1079
2009,"鉱業","100-299",0,2,0,2,1805
2010,"鉱業","100-299",0,4,0,4,1528
2011,"鉱業","100-299",0,1,0,1,1294
2012,"鉱業","100-299",0,1,0,1,1095
2013,"鉱業","100-299",0,2,0,2,1213
2014,"鉱業","100-299",0,2,0,2,1344
2015,"鉱業","100-299",0,0,0,0,1206
2016,"鉱業","100-299",0,2,0,2,1082
2017,"鉱業","100-299",0,2,0,2,1144
2018,"鉱業","100-299",0,3,0,3,1210
2019,"鉱業","100-299",0,6,0,6,1280
2020,"鉱業","100-299",0,4,0,4,1353
2021,"鉱業","100-299",0,4,0,4,1431
2022,"鉱業","100-299",0,4,0,4,1522
2023,"鉱業","100-299",0,7,0,7,1618
2024,"鉱業","100-299",0,1,0,1,1721
2025,"鉱業","100-299",0,1,0,1,1721
2009,"鉱業","300+",0,0,0,0,2109
2010,"鉱業","300+",0,2,0,2,1471
2011,"鉱業","300+",0,0,0,0,1025
2012,"鉱業","300+",0,1,0,1,715
2013,"鉱業","300+",0,0,0,0,1005
2014,"鉱業","300+",0,2,0,2,1414
2015,"鉱業","300+",0,0,0,0,1425
2016,"鉱業","300+",0,0,0,0,1437
2017,"鉱業","300+",0,1,0,1,1294
2018,"鉱業","300+",0,0,0,0,1165
2019,"鉱業","300+",0,0,0,0,1049
2020,"鉱業","300+",0,1,0,1,944
2021,"鉱業","300+",0,0,0,0,850
2022,"鉱業","300+",0,0,0,0,859
2023,"鉱業","300+",0,1,0,1,869
2024,"鉱業","300+",0,0,0,0,878
2025,"鉱業","300+",0,0,0,0,878
