"file","bytes","md5","retrieved","source","holds"
"cache/death_2009.xls",758272,"e8d4efbc3d8aa4b597e4d0ecf3f50b53","2026-10-06","https://anzeninfo.mhlw.go.jp/user/anzen/tok/h21_sibou(kakutei).xls","Fatal injuries by industry and establishment size, worksheet 5"
"cache/death_2010.xls",758272,"9c4d2f7972e7c26ede76d29b819e7928","2026-10-06","https://anzeninfo.mhlw.go.jp/user/anzen/tok/h22_sibou(kakutei).xls","Fatal injuries by industry and establishment size, worksheet 5"
"cache/death_2011.xls",758272,"734ec54068e855acc8e408bfca02285f","2026-10-06","https://anzeninfo.mhlw.go.jp/user/anzen/tok/h23_sibou(kakutei).xls","Fatal injuries by industry and establishment size, worksheet 5"
"cache/death_2012.xls",757760,"cfc5103d52cc048f7d647f354d535da9","2026-10-06","https://anzeninfo.mhlw.go.jp/user/anzen/tok/h24_sibou(kakutei).xls","Fatal injuries by industry and establishment size, worksheet 5"
"cache/death_2013.xls",770560,"5ab422b032107132811985dc3eddfd7d","2026-10-06","https://anzeninfo.mhlw.go.jp/user/anzen/tok/h25_sibou(kakutei).xls","Fatal injuries by industry and establishment size, worksheet 5"
"cache/death_2014.xls",746496,"dfe8777015ba618b8b515b62abc07a31","2026-10-06","https://anzeninfo.mhlw.go.jp/user/anzen/tok/h26_sibou(kakutei).xls","Fatal injuries by industry and establishment size, worksheet 5"
"cache/death_2015.xls",757248,"e724d293f34f50827331bd2f71571e43","2026-10-06","https://anzeninfo.mhlw.go.jp/user/anzen/tok/h27_sibou(kakutei).xls","Fatal injuries by industry and establishment size, worksheet 5"
"cache/death_2016.xls",757248,"13bc20dda7671a7a3c49d29b609f8e01","2026-10-06","https://anzeninfo.mhlw.go.jp/user/anzen/tok/h28_sibou(kakutei).xls","Fatal injuries by industry and establishment size, worksheet 5"
"cache/death_2017.xls",1242624,"4d953e8fbef97000195841a954024bf7","2026-10-06","https://anzeninfo.mhlw.go.jp/user/anzen/tok/h29_sibou(kakutei).xls","Fatal injuries by industry and establishment size, worksheet 5"
"cache/death_2018.xls",784896,"b9d5b4e16651b1e930d783b40043cb83","2026-10-06","https://anzeninfo.mhlw.go.jp/user/anzen/tok/h30_sibou(kakutei).xls","Fatal injuries by industry and establishment size, worksheet 5"
"cache/death_2019.xls",785408,"2837eea8f07cd23b36f16be1aa46bc1c","2026-10-06","https://anzeninfo.mhlw.go.jp/user/anzen/tok/h31_sibou(kakutei).xls","Fatal injuries by industry and establishment size, worksheet 5"
"cache/death_2020.xls",784896,"b9f769571aefb45d23af9340a9df7926","2026-10-06","https://anzeninfo.mhlw.go.jp/user/anzen/tok/r2_sibou(kakutei).xls","Fatal injuries by industry and establishment size, worksheet 5"
"cache/death_2020_excovid.xlsx",258126,"529e536cdf43c70baa54866fbbf8c531","2026-10-06","https://anzeninfo.mhlw.go.jp/user/anzen/tok/r2_16_sibou(exceptCORONA).xlsx","The same worksheet with the occupational COVID-19 cases removed"
"cache/death_2021.xls",807424,"970619c1bb2636958f9c41f4259561e1","2026-10-06","https://anzeninfo.mhlw.go.jp/user/anzen/tok/R3_16_sibou.xls","Fatal injuries by industry and establishment size, worksheet 5"
"cache/death_2021_excovid.xlsx",255908,"ef17b4ee1073edcc202bc0de9488b99c","2026-10-06","https://anzeninfo.mhlw.go.jp/user/anzen/tok/R3_16_sibou(exceptCORONA).xlsx","The same worksheet with the occupational COVID-19 cases removed"
"cache/death_2022.xlsx",255667,"6202a09c86b4a3be486f0054961990e7","2026-10-06","https://anzeninfo.mhlw.go.jp/user/anzen/tok/r4_16_sibou.xlsx","Fatal injuries by industry and establishment size, worksheet 5"
"cache/death_2023.xlsx",255563,"c46738dcf0c16619d5fbc05313f35db0","2026-10-06","https://anzeninfo.mhlw.go.jp/user/anzen/tok/r5_16_sibou.xlsx","Fatal injuries by industry and establishment size, worksheet 5"
"cache/death_2024.xlsx",259290,"2aeff1d1ff5f2eefeb85c01fccd9be45","2026-10-06","https://anzeninfo.mhlw.go.jp/user/anzen/tok/r6_16_sibou.xlsx","Fatal injuries by industry and establishment size, worksheet 5"
"cache/death_2025.xlsx",281337,"8b1da04d3f0c5ed229bffe0faedc7b52","2026-10-06","https://anzeninfo.mhlw.go.jp/user/anzen/tok/r7_16_sibou.xlsx","Fatal injuries by industry and establishment size, worksheet 5"
"cache/estat_est_2009.rds",838813,"6d324c142e3011a9fc20a19437563cd5","2026-10-06","https://api.e-stat.go.jp/rest/3.0/app/json/getStatsData?appId=YOUR_APPID&statsDataId=0003032571&cdTab=003&cdArea=00000&metaGetFlg=N&limit=100000","Establishments by establishment size, all industries"
"cache/estat_est_2012.rds",787996,"3b7c0baa000792c0869a680ace3d415d","2026-10-06","https://api.e-stat.go.jp/rest/3.0/app/json/getStatsData?appId=YOUR_APPID&statsDataId=0003090074&cdTab=004&cdArea=00000&metaGetFlg=N&limit=100000","Establishments by establishment size, all industries"
"cache/estat_est_2014.rds",843511,"a49dc24b349f210ec05c7b9b912d4c6b","2026-10-06","https://api.e-stat.go.jp/rest/3.0/app/json/getStatsData?appId=YOUR_APPID&statsDataId=0003111122&cdTab=003&cdArea=00000&metaGetFlg=N&limit=100000","Establishments by establishment size, all industries"
"cache/estat_est_2016.rds",882601,"9d8fe3896fb5046f40593098eb323ec3","2026-10-06","https://api.e-stat.go.jp/rest/3.0/app/json/getStatsData?appId=YOUR_APPID&statsDataId=0003218662&cdTab=004&cdArea=00000&metaGetFlg=N&limit=100000","Establishments by establishment size, all industries"
"cache/estat_est_2021.rds",1232106,"2178fba78c8c56a6a95214b95ad7605b","2026-10-06","https://api.e-stat.go.jp/rest/3.0/app/json/getStatsData?appId=YOUR_APPID&statsDataId=0004005645&cdTab=102-2021&cdArea=00000&metaGetFlg=N&limit=100000","Establishments by establishment size, all industries"
"cache/estat_est_2024.rds",880226,"77c80d8d6d4cd63993839b75e6e78d81","2026-10-06","https://api.e-stat.go.jp/rest/3.0/app/json/getStatsData?appId=YOUR_APPID&statsDataId=0004040083&cdTab=102-2024&cdArea=00000&metaGetFlg=N&limit=100000&cdCat03=0","Establishments by establishment size, all industries"
"cache/estat_ind_2009.rds",127063,"c76a5f7ffef1f02b3ace1a8ccfcba21e","2026-10-06","https://api.e-stat.go.jp/rest/3.0/app/json/getStatsData?appId=YOUR_APPID&statsDataId=0003032575&cdTab=004&cdArea=00000&metaGetFlg=N&limit=100000&cdCat04=001&cdCat02=000&cdCat03=000","Regular employees by establishment size and JSIC major group"
"cache/estat_ind_2012.rds",146475,"99beabf11e64aaa69d0c32cd1f206fae","2026-10-06","https://api.e-stat.go.jp/rest/3.0/app/json/getStatsData?appId=YOUR_APPID&statsDataId=0003090097&cdTab=893&cdArea=00000&metaGetFlg=N&limit=100000&cdCat01=000&cdCat02=000","Regular employees by establishment size and JSIC major group"
"cache/estat_ind_2014.rds",128004,"ec1d6178b233729533d18b806a251421","2026-10-06","https://api.e-stat.go.jp/rest/3.0/app/json/getStatsData?appId=YOUR_APPID&statsDataId=0003111123&cdTab=004&cdArea=00000&metaGetFlg=N&limit=100000&cdCat01=012&cdCat02=000&cdCat03=001","Regular employees by establishment size and JSIC major group"
"cache/estat_ind_2016.rds",147555,"e2e8ad76961f776e8fbd773b1480db09","2026-10-06","https://api.e-stat.go.jp/rest/3.0/app/json/getStatsData?appId=YOUR_APPID&statsDataId=0003218664&cdTab=893&cdArea=00000&metaGetFlg=N&limit=100000&cdCat01=000&cdCat02=0000","Regular employees by establishment size and JSIC major group"
"cache/estat_ind_2021.rds",155631,"41f0af2cbe0d5e6b691abfabcd8c996b","2026-10-06","https://api.e-stat.go.jp/rest/3.0/app/json/getStatsData?appId=YOUR_APPID&statsDataId=0004005646&cdTab=121-2021&cdArea=00000&metaGetFlg=N&limit=100000&cdCat02=0&cdCat04=0","Regular employees by establishment size and JSIC major group"
"cache/estat_ind_2024.rds",143029,"9d3b8b8fa1628c0731f19b27bb1bdc32","2026-10-06","https://api.e-stat.go.jp/rest/3.0/app/json/getStatsData?appId=YOUR_APPID&statsDataId=0004040084&cdTab=105-2024&cdArea=00000&metaGetFlg=N&limit=100000&cdCat03=0","Regular employees by establishment size and JSIC major group"
"cache/estat_reg_2009.rds",914131,"5730efb774509dddac6c650184844222","2026-10-06","https://api.e-stat.go.jp/rest/3.0/app/json/getStatsData?appId=YOUR_APPID&statsDataId=0003032572&cdTab=004&cdArea=00000&metaGetFlg=N&limit=100000&cdCat02=004","Regular employees by establishment size, all industries"
"cache/estat_reg_2012.rds",962564,"bdd93d48164c422556b4a4eb4834122a","2026-10-06","https://api.e-stat.go.jp/rest/3.0/app/json/getStatsData?appId=YOUR_APPID&statsDataId=0003090096&cdTab=005&cdArea=00000&metaGetFlg=N&limit=100000&cdCat01=004","Regular employees by establishment size, all industries"
"cache/estat_reg_2014.rds",917205,"bac09eab8ecc8be8367c0bf3c6b6df41","2026-10-06","https://api.e-stat.go.jp/rest/3.0/app/json/getStatsData?appId=YOUR_APPID&statsDataId=0003111125&cdTab=004&cdArea=00000&metaGetFlg=N&limit=100000&cdCat01=004","Regular employees by establishment size, all industries"
"cache/estat_reg_2016.rds",1083226,"a1314cb416ea958ecf6ed4374ce9d162","2026-10-06","https://api.e-stat.go.jp/rest/3.0/app/json/getStatsData?appId=YOUR_APPID&statsDataId=0003218663&cdTab=005&cdArea=00000&metaGetFlg=N&limit=100000&cdCat03=0060","Regular employees by establishment size, all industries"
"cache/estat_reg_2021.rds",1282730,"c703e72fd305f3dfab2c4700922971b1","2026-10-06","https://api.e-stat.go.jp/rest/3.0/app/json/getStatsData?appId=YOUR_APPID&statsDataId=0004005662&cdTab=113-2021&cdArea=00000&metaGetFlg=N&limit=100000&cdCat03=4","Regular employees by establishment size, all industries"
"cache/estat_reg_2024.rds",840477,"bf9098aafb26c4d61eeed790ca25e452","2026-10-06","https://api.e-stat.go.jp/rest/3.0/app/json/getStatsData?appId=YOUR_APPID&statsDataId=0004040083&cdTab=105-2024&cdArea=00000&metaGetFlg=N&limit=100000&cdCat03=0","Regular employees by establishment size, all industries"
"cache/injury_2009.xls",757248,"6ce9d58a18a7233207837440f5a83ee3","2026-10-06","https://anzeninfo.mhlw.go.jp/user/anzen/tok/h21_sisyou(kakutei).xls","Reported injuries by industry and establishment size, worksheet 5"
"cache/injury_2010.xls",757248,"603d71a1b4a2ddf1f431cd2c77ac443f","2026-10-06","https://anzeninfo.mhlw.go.jp/user/anzen/tok/h22_sisyou(kakutei).xls","Reported injuries by industry and establishment size, worksheet 5"
"cache/injury_2011.xls",686080,"2db1b80c8a3bfa250ccfda2607df6292","2026-10-06","https://anzeninfo.mhlw.go.jp/user/anzen/tok/h23_sisyou(kakutei).xls","Reported injuries by industry and establishment size, worksheet 5"
"cache/injury_2012.xls",757248,"25f899c5e17b2e3b0ab60ebf1270cf9c","2026-10-06","https://anzeninfo.mhlw.go.jp/user/anzen/tok/h24_sisyou(kakutei).xls","Reported injuries by industry and establishment size, worksheet 5"
"cache/injury_2013.xls",745984,"487ec4e0b8ae716c1c3dec43b5cb03f0","2026-10-06","https://anzeninfo.mhlw.go.jp/user/anzen/tok/h25_sisyou(kakutei).xls","Reported injuries by industry and establishment size, worksheet 5"
"cache/injury_2014.xls",745472,"6a678c93c795a82d5b40ae44069fd94e","2026-10-06","https://anzeninfo.mhlw.go.jp/user/anzen/tok/h26_sisyou(kakutei).xls","Reported injuries by industry and establishment size, worksheet 5"
"cache/injury_2015.xls",757248,"7a4159dc5187ad4ba54dbb8d06ad7368","2026-10-06","https://anzeninfo.mhlw.go.jp/user/anzen/tok/h27_sisyou(kakutei).xls","Reported injuries by industry and establishment size, worksheet 5"
"cache/injury_2016.xls",757248,"0d91493a164fca5b7288fb3bc8b08144","2026-10-06","https://anzeninfo.mhlw.go.jp/user/anzen/tok/h28_sisyou(kakutei).xls","Reported injuries by industry and establishment size, worksheet 5"
"cache/injury_2017.xls",756736,"cad89291395378006e3fdae673b458de","2026-10-06","https://anzeninfo.mhlw.go.jp/user/anzen/tok/h29_sisyou(kakutei).xls","Reported injuries by industry and establishment size, worksheet 5"
"cache/injury_2018.xls",784896,"3648c77dc4bba7cfdd34e35bc88d01a6","2026-10-06","https://anzeninfo.mhlw.go.jp/user/anzen/tok/h30_sisyou(kakutei).xls","Reported injuries by industry and establishment size, worksheet 5"
"cache/injury_2019.xls",784896,"17d389303f2c6b6c42a5fc1adb8efe5e","2026-10-06","https://anzeninfo.mhlw.go.jp/user/anzen/tok/h31_sisyou(kakutei).xls","Reported injuries by industry and establishment size, worksheet 5"
"cache/injury_2020.xls",784896,"0df8b5fa6d9e3ad48edfeec15f25eb12","2026-10-06","https://anzeninfo.mhlw.go.jp/user/anzen/tok/r2_sisyou(kakutei).xls","Reported injuries by industry and establishment size, worksheet 5"
"cache/injury_2020_excovid.xlsx",330618,"3e6d67ffd884724016d4aad97b71137b","2026-10-06","https://anzeninfo.mhlw.go.jp/user/anzen/tok/r2_16_sisyou(exceptCORONA).xlsx","The same worksheet with the occupational COVID-19 cases removed"
"cache/injury_2021.xls",776192,"821a78ba8bb121a461fbcdc1d035551c","2026-10-06","https://anzeninfo.mhlw.go.jp/user/anzen/tok/R3_16_sisyou.xls","Reported injuries by industry and establishment size, worksheet 5"
"cache/injury_2021_excovid.xlsx",331255,"d70243f1914dc12bb92304b29bcad615","2026-10-06","https://anzeninfo.mhlw.go.jp/user/anzen/tok/R3_16_sisyou(exceptCORONA).xlsx","The same worksheet with the occupational COVID-19 cases removed"
"cache/injury_2022.xlsx",331854,"7bd83819a8b4700c762abfece57d4ce5","2026-10-06","https://anzeninfo.mhlw.go.jp/user/anzen/tok/r4_16_sisyou.xlsx","Reported injuries by industry and establishment size, worksheet 5"
"cache/injury_2023.xlsx",333372,"e74dd5f21e3366f48997a49f06e35a96","2026-10-06","https://anzeninfo.mhlw.go.jp/user/anzen/tok/r5_16_sisyou.xlsx","Reported injuries by industry and establishment size, worksheet 5"
"cache/injury_2024.xlsx",344725,"ad3c767b264cdca24d3a7fc209197091","2026-10-06","https://anzeninfo.mhlw.go.jp/user/anzen/tok/r6_16_sisyou.xlsx","Reported injuries by industry and establishment size, worksheet 5"
"cache/injury_2025.xlsx",358600,"a9f8b90fa3e87bedbf754d908824d840","2026-10-06","https://anzeninfo.mhlw.go.jp/user/anzen/tok/r7_16_sisyou.xlsx","Reported injuries by industry and establishment size, worksheet 5"
"cache/meta_0003032571.json",80259,"3131029a1176e2b961f4f438537f356b","2026-10-06","https://api.e-stat.go.jp/rest/3.0/app/json/getMetaInfo?appId=YOUR_APPID&statsDataId=0003032571","Class dictionary: the code to name mapping for every axis of the table"
"cache/meta_0003032572.json",81267,"c01cc0eecd10a081be725d5e65816092","2026-10-06","https://api.e-stat.go.jp/rest/3.0/app/json/getMetaInfo?appId=YOUR_APPID&statsDataId=0003032572","Class dictionary: the code to name mapping for every axis of the table"
"cache/meta_0003032575.json",19022,"b079cbf1dad511862fbc0132003ae288","2026-10-06","https://api.e-stat.go.jp/rest/3.0/app/json/getMetaInfo?appId=YOUR_APPID&statsDataId=0003032575","Class dictionary: the code to name mapping for every axis of the table"
"cache/meta_0003090074.json",80531,"06082dea508c17eb809db0aca31d8fcd","2026-10-06","https://api.e-stat.go.jp/rest/3.0/app/json/getMetaInfo?appId=YOUR_APPID&statsDataId=0003090074","Class dictionary: the code to name mapping for every axis of the table"
"cache/meta_0003090096.json",81546,"7fa9363060deffc77d34d63e02cba295","2026-10-06","https://api.e-stat.go.jp/rest/3.0/app/json/getMetaInfo?appId=YOUR_APPID&statsDataId=0003090096","Class dictionary: the code to name mapping for every axis of the table"
"cache/meta_0003090097.json",22716,"3ac5b3da8ce97b4822260502355e8888","2026-10-06","https://api.e-stat.go.jp/rest/3.0/app/json/getMetaInfo?appId=YOUR_APPID&statsDataId=0003090097","Class dictionary: the code to name mapping for every axis of the table"
"cache/meta_0003111122.json",90253,"cb3b756bf3dd0111753d8f4c9f008b47","2026-10-06","https://api.e-stat.go.jp/rest/3.0/app/json/getMetaInfo?appId=YOUR_APPID&statsDataId=0003111122","Class dictionary: the code to name mapping for every axis of the table"
"cache/meta_0003111123.json",19427,"0093d7b125cedd79afd9ab8a8f7ecc17","2026-10-06","https://api.e-stat.go.jp/rest/3.0/app/json/getMetaInfo?appId=YOUR_APPID&statsDataId=0003111123","Class dictionary: the code to name mapping for every axis of the table"
"cache/meta_0003111125.json",91241,"e6fac38be98b341ddc19d69fa1ba58a5","2026-10-06","https://api.e-stat.go.jp/rest/3.0/app/json/getMetaInfo?appId=YOUR_APPID&statsDataId=0003111125","Class dictionary: the code to name mapping for every axis of the table"
"cache/meta_0003218662.json",86899,"7d7a4efe8a4169bbde4f17bc95b382b0","2026-10-06","https://api.e-stat.go.jp/rest/3.0/app/json/getMetaInfo?appId=YOUR_APPID&statsDataId=0003218662","Class dictionary: the code to name mapping for every axis of the table"
"cache/meta_0003218663.json",87946,"687518039f7ad4c780ee613f167e243d","2026-10-06","https://api.e-stat.go.jp/rest/3.0/app/json/getMetaInfo?appId=YOUR_APPID&statsDataId=0003218663","Class dictionary: the code to name mapping for every axis of the table"
"cache/meta_0003218664.json",22318,"3e8d7333baa1582ffa238bce0cb2a39f","2026-10-06","https://api.e-stat.go.jp/rest/3.0/app/json/getMetaInfo?appId=YOUR_APPID&statsDataId=0003218664","Class dictionary: the code to name mapping for every axis of the table"
"cache/meta_0004005645.json",106315,"b344557c4a352f55ebb57b2204826fca","2026-10-06","https://api.e-stat.go.jp/rest/3.0/app/json/getMetaInfo?appId=YOUR_APPID&statsDataId=0004005645","Class dictionary: the code to name mapping for every axis of the table"
"cache/meta_0004005646.json",25148,"3c25f83432503c63a4b77df20a486429","2026-10-06","https://api.e-stat.go.jp/rest/3.0/app/json/getMetaInfo?appId=YOUR_APPID&statsDataId=0004005646","Class dictionary: the code to name mapping for every axis of the table"
"cache/meta_0004005662.json",106463,"93680765050df1c4e6995e6fd56f2379","2026-10-06","https://api.e-stat.go.jp/rest/3.0/app/json/getMetaInfo?appId=YOUR_APPID&statsDataId=0004005662","Class dictionary: the code to name mapping for every axis of the table"
"cache/meta_0004040083.json",106929,"b716e0cc1b0103b3dd11b5dda2411717","2026-10-06","https://api.e-stat.go.jp/rest/3.0/app/json/getMetaInfo?appId=YOUR_APPID&statsDataId=0004040083","Class dictionary: the code to name mapping for every axis of the table"
"cache/meta_0004040084.json",184452,"487b9e5095e41d8db559d4227c01ac95","2026-10-06","https://api.e-stat.go.jp/rest/3.0/app/json/getMetaInfo?appId=YOUR_APPID&statsDataId=0004040084","Class dictionary: the code to name mapping for every axis of the table"
"evidence/census_2009_summary.pdf",1841911,"342f2b214c1bf2ab57b57ffe50c06b54","2026-10-06","https://www.stat.go.jp/data/e-census/2009/kakuho/gaiyou/pdf/gaiyou.pdf","Published summary of the census, carrying the establishment count checked in 00_setup.R"
"evidence/census_2012_summary.pdf",910015,"d768e0e53f9fc6f1df03b0fe2a5f5fea","2026-10-06","https://www.stat.go.jp/data/e-census/2012/kakuho/pdf/gaiyo.pdf","Published summary of the census, carrying the establishment count checked in 00_setup.R"
"evidence/census_2014_summary.pdf",1205696,"ca8d4385c45f8f9d53da5d3bd3e579a5","2026-10-06","https://www.stat.go.jp/data/e-census/2014/pdf/kaku_gaiyo.pdf","Published summary of the census, carrying the establishment count checked in 00_setup.R"
"evidence/census_2016_summary.pdf",1496581,"a84ab0f55dad59bd84a91ffb8f6af542","2026-10-06","https://www.stat.go.jp/data/e-census/2016/kekka/pdf/k_gaiyo.pdf","Published summary of the census, carrying the establishment count checked in 00_setup.R"
"evidence/census_2021_summary.pdf",588458,"d10096a5fe6d37965b609fad364477f7","2026-10-06","https://www.stat.go.jp/data/e-census/2021/kekka/pdf/k_outline.pdf","Published summary of the census, carrying the establishment count checked in 00_setup.R"
"evidence/census_2024_summary.pdf",653010,"ffe3b5c4ac22efb28e8f20bb26a703fb","2026-10-06","https://www.stat.go.jp/data/e-census/2024/pdf/kekka_k.pdf","Published summary of the census, carrying the establishment count checked in 00_setup.R"
"evidence/estat_est_2009.csv",1180639,"8b2ab31334b3b9e068869940081ad2a8","2026-10-09","https://api.e-stat.go.jp/rest/3.0/app/json/getStatsData?appId=YOUR_APPID&statsDataId=0003032571&cdTab=003&cdArea=00000&metaGetFlg=N&limit=100000","The response above, written out with the class names joined in"
"evidence/estat_est_2012.csv",1141248,"20f1ae79cab7174a9f5d9736d050614f","2026-10-09","https://api.e-stat.go.jp/rest/3.0/app/json/getStatsData?appId=YOUR_APPID&statsDataId=0003090074&cdTab=004&cdArea=00000&metaGetFlg=N&limit=100000","The response above, written out with the class names joined in"
"evidence/estat_est_2014.csv",1260158,"6f7ce304f94a55ce37c253f6093a8533","2026-10-09","https://api.e-stat.go.jp/rest/3.0/app/json/getStatsData?appId=YOUR_APPID&statsDataId=0003111122&cdTab=003&cdArea=00000&metaGetFlg=N&limit=100000","The response above, written out with the class names joined in"
"evidence/estat_est_2016.csv",1258678,"d3934dc0352a462d995922942fbd16f7","2026-10-09","https://api.e-stat.go.jp/rest/3.0/app/json/getStatsData?appId=YOUR_APPID&statsDataId=0003218662&cdTab=004&cdArea=00000&metaGetFlg=N&limit=100000","The response above, written out with the class names joined in"
"evidence/estat_est_2021.csv",1611734,"211bc549e3e444546b760fba65b79fb0","2026-10-09","https://api.e-stat.go.jp/rest/3.0/app/json/getStatsData?appId=YOUR_APPID&statsDataId=0004005645&cdTab=102-2021&cdArea=00000&metaGetFlg=N&limit=100000","The response above, written out with the class names joined in"
"evidence/estat_est_2024.csv",1167693,"0e03f5a104b16053a80fbb35c32a1ad3","2026-10-09","https://api.e-stat.go.jp/rest/3.0/app/json/getStatsData?appId=YOUR_APPID&statsDataId=0004040083&cdTab=102-2024&cdArea=00000&metaGetFlg=N&limit=100000&cdCat03=0","The response above, written out with the class names joined in"
"evidence/estat_ind_2009.csv",199832,"7e6aefcd267a4db43c5037cfbdc82940","2026-10-09","https://api.e-stat.go.jp/rest/3.0/app/json/getStatsData?appId=YOUR_APPID&statsDataId=0003032575&cdTab=004&cdArea=00000&metaGetFlg=N&limit=100000&cdCat04=001&cdCat02=000&cdCat03=000","The response above, written out with the class names joined in"
"evidence/estat_ind_2012.csv",234236,"8c5f4b9ae5a8f72f6713ed62c0973f42","2026-10-09","https://api.e-stat.go.jp/rest/3.0/app/json/getStatsData?appId=YOUR_APPID&statsDataId=0003090097&cdTab=893&cdArea=00000&metaGetFlg=N&limit=100000&cdCat01=000&cdCat02=000","The response above, written out with the class names joined in"
"evidence/estat_ind_2014.csv",203171,"cee5fd7d3d254fcde54c9ea03b10b459","2026-10-09","https://api.e-stat.go.jp/rest/3.0/app/json/getStatsData?appId=YOUR_APPID&statsDataId=0003111123&cdTab=004&cdArea=00000&metaGetFlg=N&limit=100000&cdCat01=012&cdCat02=000&cdCat03=001","The response above, written out with the class names joined in"
"evidence/estat_ind_2016.csv",232945,"f21d7868213ecaa9681dc747242798d6","2026-10-09","https://api.e-stat.go.jp/rest/3.0/app/json/getStatsData?appId=YOUR_APPID&statsDataId=0003218664&cdTab=893&cdArea=00000&metaGetFlg=N&limit=100000&cdCat01=000&cdCat02=0000","The response above, written out with the class names joined in"
"evidence/estat_ind_2021.csv",245260,"76f1feb5eb265b3a1580ac86755d2b06","2026-10-09","https://api.e-stat.go.jp/rest/3.0/app/json/getStatsData?appId=YOUR_APPID&statsDataId=0004005646&cdTab=121-2021&cdArea=00000&metaGetFlg=N&limit=100000&cdCat02=0&cdCat04=0","The response above, written out with the class names joined in"
"evidence/estat_ind_2024.csv",212639,"e397616b4fa1c66d8ff147431d5ea829","2026-10-09","https://api.e-stat.go.jp/rest/3.0/app/json/getStatsData?appId=YOUR_APPID&statsDataId=0004040084&cdTab=105-2024&cdArea=00000&metaGetFlg=N&limit=100000&cdCat03=0","The response above, written out with the class names joined in"
"evidence/estat_reg_2009.csv",1468615,"5561f00e9c65d9080a911d7c17214a6a","2026-10-09","https://api.e-stat.go.jp/rest/3.0/app/json/getStatsData?appId=YOUR_APPID&statsDataId=0003032572&cdTab=004&cdArea=00000&metaGetFlg=N&limit=100000&cdCat02=004","The response above, written out with the class names joined in"
"evidence/estat_reg_2012.csv",1460428,"5e4f53297fd42869a0112c37fc44f325","2026-10-09","https://api.e-stat.go.jp/rest/3.0/app/json/getStatsData?appId=YOUR_APPID&statsDataId=0003090096&cdTab=005&cdArea=00000&metaGetFlg=N&limit=100000&cdCat01=004","The response above, written out with the class names joined in"
"evidence/estat_reg_2014.csv",1539763,"63066a4caefa9a264019c9752829b91a","2026-10-09","https://api.e-stat.go.jp/rest/3.0/app/json/getStatsData?appId=YOUR_APPID&statsDataId=0003111125&cdTab=004&cdArea=00000&metaGetFlg=N&limit=100000&cdCat01=004","The response above, written out with the class names joined in"
"evidence/estat_reg_2016.csv",1618754,"e6ef64fc0200fbf6bbc9a33f4d0c395c","2026-10-09","https://api.e-stat.go.jp/rest/3.0/app/json/getStatsData?appId=YOUR_APPID&statsDataId=0003218663&cdTab=005&cdArea=00000&metaGetFlg=N&limit=100000&cdCat03=0060","The response above, written out with the class names joined in"
"evidence/estat_reg_2021.csv",1958735,"3c8c8afe7235186695ac730f4ee681de","2026-10-09","https://api.e-stat.go.jp/rest/3.0/app/json/getStatsData?appId=YOUR_APPID&statsDataId=0004005662&cdTab=113-2021&cdArea=00000&metaGetFlg=N&limit=100000&cdCat03=4","The response above, written out with the class names joined in"
"evidence/estat_reg_2024.csv",1313074,"54b9733986d371497f9a574156c461bc","2026-10-09","https://api.e-stat.go.jp/rest/3.0/app/json/getStatsData?appId=YOUR_APPID&statsDataId=0004040083&cdTab=105-2024&cdArea=00000&metaGetFlg=N&limit=100000&cdCat03=0","The response above, written out with the class names joined in"
